merchant,industry,first_charge_date,country,business_size,subscription_volume,checkout_volume,payment_link_volume,total_volume,active_days,similarity_score
e52942b0,Software,2037-06-16 00:00:00+00:00,US,small,0,0,570200,27406840,415,0.9433574518421554
f881b980,Software,2041-05-20 00:00:00+00:00,US,small,0,16191990,596532,108301512,397,0.9328533910165067
212b5134,Software,2040-10-12 00:00:00+00:00,US,small,0,0,23996,515499031,417,0.9314758229634037
aa97aed9,Software,2036-11-03 00:00:00+00:00,US,small,0,0,0,467387896,385,0.9305550649338428
740079ae,Software,2036-01-08 00:00:00+00:00,US,small,0,0,0,201146587,416,0.9302481607956576
72ff810a,Software,2032-01-30 00:00:00+00:00,US,small,0,0,0,557642840,418,0.9299325222721346
afb3b688,Software,2033-09-05 00:00:00+00:00,US,small,0,0,0,170934014,408,0.9298076288588027
6db15270,Software,2037-11-24 00:00:00+00:00,US,small,0,0,0,155035107,418,0.9293099321182169
79c43706,Software,2039-08-12 00:00:00+00:00,US,small,0,0,0,236002953,356,0.9289598946806683
7b465b0e,Software,2037-05-19 00:00:00+00:00,US,small,0,0,0,122119019,418,0.9285387076377586
15f61630,Software,2032-05-27 00:00:00+00:00,US,small,0,0,0,115391804,418,0.9283674997525135
40595b3f,Software,2034-01-30 00:00:00+00:00,US,small,0,0,0,99552882,418,0.9279461913527376
3a1da47c,Software,2033-11-13 00:00:00+00:00,US,small,0,0,0,97947804,418,0.9279020710473508
c774f87d,Software,2039-01-24 00:00:00+00:00,US,small,0,0,0,183363884,353,0.9278521505328454
8ef087ee,Software,2039-04-19 00:00:00+00:00,US,small,0,0,0,54470231,418,0.9266072324579768
27782163,Software,2036-06-19 00:00:00+00:00,US,small,0,0,0,48627411,418,0.9264185765352249
708300b9,Software,2036-07-20 00:00:00+00:00,US,small,0,0,0,31480900,412,0.925923498007801
3e8711b0,Software,2035-02-27 00:00:00+00:00,US,small,0,225000,0,21519500,414,0.9258470212325459
d328abd8,Software,2039-12-16 00:00:00+00:00,US,small,0,0,0,26771653,418,0.9256821772600722
f131125a,Software,2033-01-28 00:00:00+00:00,US,small,0,0,0,20539280,410,0.9255507755458375
424b6690,Software,2034-11-13 00:00:00+00:00,US,small,0,0,0,25523122,385,0.925399354414214
5357c2b4,Software,2034-09-04 00:00:00+00:00,US,small,0,0,0,15222496,402,0.9253534688199501
72ce279f,Software,2041-01-07 00:00:00+00:00,US,small,0,0,0,19858565,386,0.925218556894875
3b18fa9a,Software,2041-04-24 00:00:00+00:00,US,small,0,0,0,8691335,395,0.9250197534150042
5bef0fd7,Software,2035-01-20 00:00:00+00:00,US,small,0,0,0,6718661,397,0.9249767692542045
a3d1dd19,Software,2034-10-29 00:00:00+00:00,US,small,0,0,0,4913612,413,0.9249552484177296
50b5c6e5,Software,2039-02-26 00:00:00+00:00,US,small,0,0,0,3640000,412,0.924915048819939
0cc926fc,Business services,2039-05-21 00:00:00+00:00,US,small,0,0,0,343018978,418,0.9247633697023249
00a43c37,Business services,2041-01-16 00:00:00+00:00,US,small,0,0,0,341305283,416,0.92476206041997
83beefc3,Business services,2039-04-04 00:00:00+00:00,US,small,0,0,0,325732378,418,0.9246971958078574
cee493f2,Business services,2041-02-05 00:00:00+00:00,US,small,0,0,0,317735820,418,0.9246565341518104
9eb906f1,Software,2041-06-08 00:00:00+00:00,US,small,0,0,0,9292365,380,0.9245675660715964
af42637e,Software,2040-09-11 00:00:00+00:00,US,small,0,0,0,61265802,353,0.9245169518301055
826b6b83,Software,2034-09-18 00:00:00+00:00,US,small,0,0,0,4693900,383,0.9245128823023948
05d97088,Business services,2037-03-11 00:00:00+00:00,US,small,0,0,0,225362280,418,0.9237230485599819
f88ba508,Software,2037-06-09 00:00:00+00:00,US,small,0,0,0,7388787,367,0.9237050384517752
dc4640a7,Business services,2038-08-03 00:00:00+00:00,US,small,0,0,0,203799927,418,0.9233816341847338
bf3bb092,Software,2041-02-12 00:00:00+00:00,US,small,0,0,0,1916470,357,0.9225878386870946
a85133f0,Business services,2038-10-22 00:00:00+00:00,US,small,0,0,0,158009852,416,0.9225132491073538
74a13ffd,Software,2037-12-27 00:00:00+00:00,US,small,0,0,0,11511545,352,0.922457111970477
1a519de1,Software,2039-10-22 00:00:00+00:00,US,small,0,0,0,5623843,351,0.9220862929647863
f4a83f2f,Software,2041-05-10 00:00:00+00:00,US,small,0,0,49700,14349722,329,0.9213105962703945
fbf80ac5,Business services,2040-08-10 00:00:00+00:00,US,small,0,0,0,98848277,412,0.9210592718016599
e51afedb,Software,2037-08-01 00:00:00+00:00,US,small,0,0,0,847506278,418,0.9209257720502126
ae44b146,Business services,2038-07-13 00:00:00+00:00,US,small,0,3157500,0,3160000,400,0.9206945681788876
0304f11f,Business services,2035-01-28 00:00:00+00:00,US,small,0,0,0,84147736,418,0.9206331867684648
61abea06,Software,2039-07-01 00:00:00+00:00,US,small,0,0,0,24805227,331,0.9199026159642658
af8a49b4,Software,2035-03-30 00:00:00+00:00,US,small,0,0,0,7096484,332,0.919303319028715
0919abfa,Business services,2040-07-15 00:00:00+00:00,US,small,0,0,0,38016149,418,0.9191870822434889
8b68903a,Business services,2034-09-22 00:00:00+00:00,US,small,0,0,0,30012917,418,0.9189143729662792
04774b5c,Business services,2040-01-11 00:00:00+00:00,US,small,0,0,0,29945820,417,0.91891296318398
3386a382,Business services,2036-07-29 00:00:00+00:00,US,small,0,0,0,28038000,413,0.9188366801413417
c382847f,Business services,2033-03-15 00:00:00+00:00,US,small,0,0,0,33198490,396,0.9187197555691595
63ed3e2d,Business services,2039-03-14 00:00:00+00:00,US,small,0,53099,0,31948215,391,0.9185723886766682
3aec639a,Business services,2040-04-15 00:00:00+00:00,US,small,0,0,0,48346631,380,0.9185369899825613
e56765e1,Business services,2036-06-23 00:00:00+00:00,US,small,0,0,0,13365686,418,0.9183264922083864
e08b6fa7,Business services,2038-08-16 00:00:00+00:00,US,small,0,0,0,81370000,363,0.9183237678521856
72dca5b3,Software,2037-10-16 00:00:00+00:00,US,small,0,0,0,46841815,319,0.9183222039090242
ab05b4b7,Software,2040-08-27 00:00:00+00:00,US,small,0,0,0,25225556,323,0.9183103754218032
e76815c4,Business services,2038-09-10 00:00:00+00:00,US,small,0,0,0,11973700,412,0.9182529988127299
4b59361f,Software,2035-08-20 00:00:00+00:00,US,small,0,0,0,8492906,325,0.917986983427739
19fa0125,Business services,2038-02-07 00:00:00+00:00,US,small,0,0,0,35706225,378,0.9179537472780737
a7da2e1d,Business services,2035-06-01 00:00:00+00:00,US,small,0,0,0,3333492,414,0.91794583600734
13a1691c,Software,2039-06-05 00:00:00+00:00,US,small,0,0,0,21027982,322,0.9179047391847439
4d561e33,Business services,2040-07-25 00:00:00+00:00,US,small,0,0,0,9371300,390,0.917604120894335
88972a7f,Business services,2037-05-05 00:00:00+00:00,US,small,0,0,0,30797144,370,0.9171704428866467
7157d7a1,Business services,2039-09-17 00:00:00+00:00,US,small,0,0,0,18209200,371,0.9167624629234099
b39802fa,Business services,2034-05-06 00:00:00+00:00,US,small,0,0,0,27934550,357,0.9157457283802231
2244dcab,Business services,2037-09-26 00:00:00+00:00,US,small,0,0,0,14161715,358,0.9153023134268572
f500082a,Business services,2041-03-26 00:00:00+00:00,US,small,0,0,0,7049586,360,0.9152332411860115
72832ccd,Business services,2040-08-08 00:00:00+00:00,US,small,0,0,0,3061146,355,0.9144643751213204
77752157,Business services,2040-11-27 00:00:00+00:00,US,small,0,4688000,0,4688000,328,0.9135285442197324
92e18baa,Business services,2039-07-29 00:00:00+00:00,US,small,0,0,0,881150760,418,0.9128018848339834
377a37fa,Software,2041-06-04 00:00:00+00:00,US,small,0,0,0,37027683,297,0.9115625805883527
46ded339,Business services,2039-06-06 00:00:00+00:00,US,small,0,0,0,1889219,336,0.911425467179031
0c9f685d,Business services,2038-11-20 00:00:00+00:00,US,small,0,0,0,7614000,333,0.9111004916976375
20245c27,Software,2036-02-06 00:00:00+00:00,US,small,0,0,0,3380540,299,0.9106518390710341
7d45ec24,Business services,2038-01-02 00:00:00+00:00,US,small,0,0,0,15898440,327,0.9102014989487902
e99b732e,Business services,2034-02-25 00:00:00+00:00,US,small,0,0,0,14837250,323,0.9092246844181879
b98c1079,Software,2032-10-12 00:00:00+00:00,US,small,0,0,0,12283500,293,0.9089478505095002
efd5895e,Education,2035-03-30 00:00:00+00:00,US,small,0,0,0,365565877,418,0.9087600780187601
5b968095,Education,2038-02-06 00:00:00+00:00,US,small,0,0,0,393512168,418,0.9087594801745255
54dbcd1a,Education,2036-08-17 00:00:00+00:00,US,small,0,0,0,314235395,418,0.9085634634900567
2f8e9225,Software,2034-06-03 00:00:00+00:00,US,small,0,0,0,2230923,292,0.9080592377330545
58276f10,Business services,2041-02-24 00:00:00+00:00,US,small,0,841348,0,879448,314,0.9075424251775461
080a778f,Business services,2041-09-01 00:00:00+00:00,US,small,0,0,0,260513800,295,0.9071415430746853
05dd0a9e,Education,2036-06-01 00:00:00+00:00,US,small,0,0,0,184224326,418,0.9069065036377748
0fbc3581,Education,2040-07-06 00:00:00+00:00,US,small,0,0,0,171421597,418,0.9066527905170653
72304d72,Business services,2036-06-24 00:00:00+00:00,US,small,0,0,0,3787387,313,0.9060624900304205
2ecbb8d6,Others,2036-11-22 00:00:00+00:00,US,small,0,0,0,193231679,418,0.9059537220257617
28f02a5e,Personal services,2040-05-08 00:00:00+00:00,US,small,0,0,0,86122063,402,0.9057550303348711
dd62d56a,Education,2037-05-11 00:00:00+00:00,US,small,0,0,0,125055785,418,0.9055976204596375
51e2954c,Personal services,2040-03-23 00:00:00+00:00,US,small,0,0,0,73330800,404,0.9054664628515585
8dc22512,Personal services,2039-09-03 00:00:00+00:00,US,small,0,0,0,54857123,411,0.9051847989125374
dba4150f,Personal services,2039-09-11 00:00:00+00:00,US,small,0,0,0,34644604,418,0.9047512596850312
c188f83b,Personal services,2036-04-22 00:00:00+00:00,US,small,0,0,0,27606433,415,0.9044120154216531
992038f7,Others,2039-05-28 00:00:00+00:00,US,small,0,0,0,121264532,416,0.9043131381095819
fcb105e3,Others,2035-05-02 00:00:00+00:00,US,small,0,0,0,99624409,418,0.9038051909846576
97bb3194,Others,2039-04-30 00:00:00+00:00,US,small,0,0,0,79419600,418,0.9032273261814141
9aa94e0d,Digital goods,2041-03-04 00:00:00+00:00,US,small,0,0,0,72788550,408,0.9031907899285981
5ddc6c7d,Software,2033-12-30 00:00:00+00:00,US,small,0,0,0,3436350,280,0.9030400194185896
1d25d109,Others,2039-07-23 00:00:00+00:00,US,small,0,0,0,64315265,418,0.9027689082881906
20a75b68,Digital goods,2039-07-12 00:00:00+00:00,US,small,0,0,0,45991894,418,0.9027441019120452
44a00f65,Business services,2037-05-30 00:00:00+00:00,US,small,0,0,0,20792025,299,0.9023323535409455
5757699f,Others,2040-05-05 00:00:00+00:00,US,small,0,0,0,48851989,418,0.9022762002340731
bce39e93,Personal services,2038-02-12 00:00:00+00:00,US,small,0,0,0,7379000,390,0.9022688543961963
46466fe5,Education,2036-03-03 00:00:00+00:00,US,small,0,0,0,22972174,409,0.9021499680608346
da22f154,Others,2031-10-16 00:00:00+00:00,US,small,0,0,7700,26939965,418,0.9018187262491124
94d9f566,Education,2039-04-29 00:00:00+00:00,US,small,0,0,0,36194091,392,0.9015667869868735
a10b5342,Digital goods,2038-09-07 00:00:00+00:00,US,small,0,0,0,37354400,399,0.9015155992128272
2128190b,Others,2041-04-29 00:00:00+00:00,US,small,0,0,0,743775858,418,0.9014917466216844
f226eb20,Digital goods,2039-05-23 00:00:00+00:00,US,small,0,0,0,12939910,414,0.9014438458250316
8d3765af,Digital goods,2036-10-25 00:00:00+00:00,US,small,0,0,0,2163350,418,0.9012068890795658
1a020b7d,"Religion, politics & other memberships",2038-08-23 00:00:00+00:00,US,small,0,0,0,66947210,418,0.9010252685961091
f49f4dc2,Software,2038-07-02 00:00:00+00:00,US,small,0,0,0,77316321,269,0.9009457205740561
4498aedc,Others,2034-06-12 00:00:00+00:00,US,small,0,0,0,28844869,404,0.9009408962015483
706816ed,"Religion, politics & other memberships",2033-12-06 00:00:00+00:00,US,small,0,0,0,682578855,410,0.9008707421700481
54995cc1,Others,2034-02-21 00:00:00+00:00,US,small,0,0,0,4237045,418,0.9007222612144387
45e73465,Others,2037-05-10 00:00:00+00:00,US,small,0,0,0,33472601,395,0.9005094955292711
a042426e,Education,2040-02-20 00:00:00+00:00,US,small,0,0,0,2330337,391,0.9002080162662812
c9066a46,Others,2040-08-07 00:00:00+00:00,US,small,0,0,0,5934756,404,0.9000957350224765
cd7b9dc4,Others,2034-03-31 00:00:00+00:00,US,small,0,0,0,1966539,402,0.8998185285572785
c82a194a,Digital goods,2036-10-05 00:00:00+00:00,US,small,0,0,0,4006041,392,0.899759862296692
661270c3,Education,2039-03-16 00:00:00+00:00,US,small,0,0,0,16877000,380,0.8997584550909667
de3c0143,Digital goods,2040-08-24 00:00:00+00:00,US,small,0,0,0,2847872,391,0.8996316078492667
23207cb2,Food & drink,2040-11-11 00:00:00+00:00,US,small,0,0,0,284091648,416,0.8995550864593278
05ed70df,Automotive parts and repair/service shops,2039-10-25 00:00:00+00:00,US,small,0,0,0,341365750,413,0.8994859273815521
d2ed5167,Grocery & food stores,2039-09-22 00:00:00+00:00,US,small,0,0,0,576056273,418,0.8993337122402221
21d596b9,Grocery & food stores,2036-11-01 00:00:00+00:00,US,small,0,0,0,193695073,417,0.8993278506144106
682c266e,Education,2038-02-01 00:00:00+00:00,US,small,0,0,0,12270260,377,0.8992526186544263
0d753d5f,Digital goods,2036-08-05 00:00:00+00:00,US,small,0,0,0,19260620,380,0.8992388721527795
571c5c50,"Religion, politics & other memberships",2040-02-07 00:00:00+00:00,US,small,0,0,0,13156160,416,0.8991363735645712
45e69f07,Business services,2037-07-21 00:00:00+00:00,US,small,0,0,0,44976198,288,0.8990962305567647
496f625e,"Religion, politics & other memberships",2040-03-27 00:00:00+00:00,US,small,0,0,0,32707500,401,0.8989991787183466
df47bd12,Charity,2035-10-10 00:00:00+00:00,US,small,0,0,0,114753497,416,0.8989289818740698
1bdb6fcc,Digital goods,2038-10-02 00:00:00+00:00,US,small,0,0,0,19049455,372,0.8983110920894396
3e8d70d1,Specialty retail,2038-12-22 00:00:00+00:00,US,small,0,0,0,193442385,418,0.8982471266482807
906d7e15,Electronics,2040-09-01 00:00:00+00:00,US,small,0,0,0,183781721,418,0.8979242873738305
84b20e60,Automotive parts and repair/service shops,2038-02-08 00:00:00+00:00,US,small,0,0,0,236595963,403,0.8979176463918114
9d725c10,Ticketing & events,2040-01-31 00:00:00+00:00,US,small,0,0,0,168753178,412,0.8978766704156312
d3f9c0bf,Digital goods,2040-10-11 00:00:00+00:00,US,small,0,0,0,1216648,373,0.8977111632058719
59ca70d5,Specialty retail,2038-01-15 00:00:00+00:00,US,small,0,0,0,187882328,409,0.8976560285280667
94684dd6,Merchandise,2039-11-26 00:00:00+00:00,US,small,0,0,39690,76876393,407,0.8975477259558784
65d00d5e,Charity,2040-12-20 00:00:00+00:00,US,small,0,0,0,138926088,387,0.8975062709117723
453a15e8,Merchandise,2039-05-13 00:00:00+00:00,US,small,0,0,0,115666391,412,0.8974757692473435
99514968,Ticketing & events,2039-02-06 00:00:00+00:00,US,small,0,0,0,130214275,417,0.8972580193644286
4bf9c411,Others,2040-05-12 00:00:00+00:00,US,small,0,0,0,127809295,345,0.8970345898472045
336598cf,Clothing & accessory,2039-11-08 00:00:00+00:00,US,small,0,0,0,100148661,418,0.8969417394149113
a834c286,Personal services,2040-03-15 00:00:00+00:00,US,small,0,0,0,7511881,348,0.8968340608004652
590d58a6,Charity,2038-05-04 00:00:00+00:00,US,small,0,0,0,45011597,415,0.8968072940708404
a158250a,"Religion, politics & other memberships",2036-08-26 00:00:00+00:00,US,small,0,0,0,11488462,383,0.896657672975103
155fca95,Charity,2037-10-24 00:00:00+00:00,US,small,0,0,0,33070608,415,0.8964034445384362
8313906b,Specialty retail,2040-04-16 00:00:00+00:00,US,small,0,0,0,653326212,416,0.8963948764711887
1d836cc3,Ticketing & events,2039-12-18 00:00:00+00:00,US,small,0,0,0,97037339,417,0.8963848155767746
662284f3,Ticketing & events,2037-09-07 00:00:00+00:00,US,small,0,0,0,185305890,387,0.896271487326252
91006faf,Grocery & food stores,2040-02-25 00:00:00+00:00,US,small,0,0,0,60567957,418,0.8960528952508791
4ff146ce,"Religion, politics & other memberships",2041-05-31 00:00:00+00:00,US,small,0,0,0,25043103,373,0.896022953812154
2cc52cbd,Merchandise,2035-08-10 00:00:00+00:00,US,small,0,0,0,54885353,418,0.8960127364632927
5d83fb15,Grocery & food stores,2038-01-18 00:00:00+00:00,US,small,0,0,0,55146248,418,0.8958806931075041
0ce8edbf,Leisure,2037-11-06 00:00:00+00:00,US,small,0,0,0,32425283,418,0.8958297057981758
2cd28f9a,Food & drink,2040-03-17 00:00:00+00:00,US,small,0,0,0,87278500,416,0.8957738261325137
c38b61e8,Personal services,2037-12-01 00:00:00+00:00,US,small,0,0,0,116244355,325,0.8956342692286249
62ab5d89,Charity,2037-06-05 00:00:00+00:00,US,small,0,0,0,14368501,413,0.8956316248516902
265406dd,Clothing & accessory,2040-09-14 00:00:00+00:00,US,small,0,3236459,0,3236459,400,0.8956133074722595
bc9a0acc,Art & photography,2034-01-14 00:00:00+00:00,US,small,0,0,0,80701882,418,0.8955440135952001
fce5f7cd,Food & drink,2041-03-19 00:00:00+00:00,US,small,0,0,0,70625939,417,0.8953304988546722
e4cd1132,Digital goods,2040-02-28 00:00:00+00:00,US,small,0,0,0,11556400,353,0.8951357155082332
528f18b7,Leisure,2037-03-04 00:00:00+00:00,US,small,0,0,0,21584307,409,0.8949374247565065
dbb8dfe3,Merchandise,2040-05-07 00:00:00+00:00,US,small,0,0,0,39569141,408,0.8949309413071841
f1dde770,"Medical services, drugs, testing labs & equipment medium",2038-05-22 00:00:00+00:00,US,small,0,0,0,807082000,418,0.8948849094583702
302178f9,Clothing & accessory,2040-05-14 00:00:00+00:00,US,small,0,0,0,187431796,371,0.894856979069564
60ddca2f,Charity,2034-04-02 00:00:00+00:00,US,small,0,0,0,9929500,401,0.89466192345106
22213798,Education,2040-10-24 00:00:00+00:00,US,small,0,0,0,9416705,347,0.8945715165531225
48e35c09,Art & photography,2038-05-09 00:00:00+00:00,US,small,0,0,0,60108735,411,0.8945162055195993
2daa1936,Healthcare,2040-05-13 00:00:00+00:00,US,small,0,0,0,37371415,414,0.8945144516887781
de777c35,Food & drink,2040-03-21 00:00:00+00:00,US,small,0,0,0,45310738,416,0.8944704798870409
6c735966,Others,2033-03-05 00:00:00+00:00,US,small,0,0,0,14683055,352,0.8944323537084649
aeb154b3,Education,2038-06-27 00:00:00+00:00,US,small,0,0,0,4475000,347,0.8943553954888692
9f2894bc,Leisure,2037-02-23 00:00:00+00:00,US,small,0,0,0,19397383,401,0.8942869993478999
c35612ed,Ticketing & events,2041-05-11 00:00:00+00:00,US,small,0,0,13600,94139321,383,0.8941343289792889
a25a3996,Food & drink,2037-04-23 00:00:00+00:00,US,small,0,0,0,28726778,418,0.8940174219631882
1397dc3c,Travel & lodging,2038-04-26 00:00:00+00:00,US,small,0,0,0,15057500,418,0.8939562900679338
d9665d31,Food & drink,2040-07-16 00:00:00+00:00,US,small,0,0,0,24519008,417,0.8938163149852527
30aca5ff,Leisure,2039-06-14 00:00:00+00:00,US,small,0,0,0,7165200,400,0.8937469058543308
e883e594,Food & drink,2040-03-23 00:00:00+00:00,US,small,0,0,0,25433794,415,0.8937348358219585
ecf44118,Personal services,2038-05-02 00:00:00+00:00,US,small,0,0,0,10251250,333,0.8937172845922192
8b5f9c13,Digital goods,2037-06-10 00:00:00+00:00,US,small,0,0,0,5004678,347,0.8937157968732958
d6311a65,Education,2034-08-11 00:00:00+00:00,US,small,0,0,0,3524177,344,0.8937027210170289
898a0cbd,Food & drink,2040-07-11 00:00:00+00:00,US,small,0,0,0,22645822,414,0.8935770750991987
f295f26f,Leisure,2039-05-23 00:00:00+00:00,US,small,0,0,0,11146217,396,0.8935594696851145
026c3371,Food & drink,2040-06-23 00:00:00+00:00,US,small,0,0,0,14935663,417,0.8934753484076998
b0385074,"Religion, politics & other memberships",2036-02-17 00:00:00+00:00,US,small,0,0,0,34111592,354,0.8934654339470263
67dac1d8,Leisure,2036-07-18 00:00:00+00:00,US,small,0,0,0,27429458,387,0.8933022225651023
89daaa95,Automotive parts and repair/service shops,2038-12-28 00:00:00+00:00,US,small,0,0,0,22070112,414,0.893273281476786
2ac6d760,Food & drink,2040-04-17 00:00:00+00:00,US,small,0,0,0,17380405,411,0.8931999129116444
61b84da9,Transportation & car rental,2039-08-13 00:00:00+00:00,US,small,0,0,0,12172460,416,0.8931772539054394
0243626f,Cosmetics,2038-07-02 00:00:00+00:00,US,small,0,0,0,19148615,413,0.893107097643209
b90e7e02,Transportation & car rental,2039-01-03 00:00:00+00:00,US,small,0,0,0,31485599,404,0.8930667155569025
e26de3f5,Furnishing,2039-10-22 00:00:00+00:00,US,small,0,0,0,23279645,412,0.8930494421446047
a2f9c1e8,Business services,2033-11-29 00:00:00+00:00,US,small,0,0,0,1188400,279,0.8927878325084018
96020471,Merchandise,2039-01-18 00:00:00+00:00,US,small,0,0,0,8682157,395,0.8927836242730609
836f3ecb,Education,2040-07-01 00:00:00+00:00,US,small,0,0,0,260566517,314,0.8927459634490129
e9907cc3,Ticketing & events,2035-11-20 00:00:00+00:00,US,small,0,0,0,18805930,400,0.8927237593664503
ad5bc323,Specialty retail,2037-10-04 00:00:00+00:00,US,small,0,0,0,40094481,395,0.8926120314096648
0a021d39,Food & drink,2040-05-22 00:00:00+00:00,US,small,0,0,0,21233845,401,0.8926042954912445
09f61d4c,Food & drink,2040-12-31 00:00:00+00:00,US,small,0,0,0,11836580,405,0.8925723758868788
63bfc5cb,Personal services,2041-05-19 00:00:00+00:00,US,small,0,0,0,1479068,330,0.8925640602142508
c8af15c8,Leisure,2040-03-06 00:00:00+00:00,US,small,0,0,0,31973187,379,0.8925579006355644
3a977a8e,Automotive parts and repair/service shops,2036-06-27 00:00:00+00:00,US,small,0,0,0,3822862,412,0.8924796103228227
37d4772b,Food & drink,2040-10-28 00:00:00+00:00,US,small,0,0,0,10474225,404,0.8924444391668301
7495ae81,Construction,2038-03-23 00:00:00+00:00,US,small,0,0,0,16541500,396,0.892288925439269
f8c0b5e3,Food & drink,2041-03-06 00:00:00+00:00,US,small,0,0,0,8316182,402,0.8922034737811662
c80bdad9,"Religion, politics & other memberships",2041-02-17 00:00:00+00:00,US,small,0,0,0,7857670,353,0.8922014207578327
917136ad,Grocery & food stores,2038-10-29 00:00:00+00:00,US,small,0,0,0,17289793,387,0.892165622890615
bb7db562,Education,2038-10-24 00:00:00+00:00,US,small,0,0,0,6294969,336,0.89204049830321
88cd6176,Food & drink,2039-03-25 00:00:00+00:00,US,small,0,0,0,16752300,394,0.8918135782606583
9f819371,Art & photography,2034-12-04 00:00:00+00:00,US,small,0,0,0,29797284,390,0.891751981566731
8d520578,Food & drink,2040-05-08 00:00:00+00:00,US,small,0,0,0,6460084,395,0.8915146143913708
cfe8fd9a,Personal services,2040-08-31 00:00:00+00:00,US,small,0,0,0,37863020,320,0.8914077790375746
73b0ff56,Food & drink,2040-07-31 00:00:00+00:00,US,small,0,0,0,5159937,391,0.891067301215416
f0216eb0,Food & drink,2040-08-18 00:00:00+00:00,US,small,0,0,0,5003813,391,0.8910611545548157
ffe98e3f,Ticketing & events,2041-04-01 00:00:00+00:00,US,small,0,0,0,63533332,369,0.8907784148040299
b4f81fe8,Grocery & food stores,2034-10-17 00:00:00+00:00,US,small,0,0,0,8870499,377,0.890635980718309
595f4005,Grocery & food stores,2038-09-27 00:00:00+00:00,US,small,0,0,0,12442368,375,0.890510989264226
6fd412e5,Business services,2036-05-14 00:00:00+00:00,US,small,0,0,0,6421653,274,0.890481093470769
b4e75c1c,Education,2036-01-22 00:00:00+00:00,US,small,0,0,0,2804000,330,0.8903781104977132
31fd1b13,Food & drink,2040-05-24 00:00:00+00:00,US,small,0,0,0,4248978,385,0.8903730092757006
658881c8,Travel & lodging,2040-06-29 00:00:00+00:00,US,small,0,0,0,62640703,364,0.8901240082025109
bd0cce41,Food & drink,2037-07-19 00:00:00+00:00,US,small,0,0,0,4090437,380,0.8897568091408571
59dcdf70,Food & drink,2041-05-20 00:00:00+00:00,US,small,0,0,0,22797149,374,0.8896957863130334
8bfaedfd,Specialty retail,2041-07-09 00:00:00+00:00,US,small,0,0,114609,22392025,347,0.8895058633992464
ea2296a3,Others,2033-03-22 00:00:00+00:00,US,small,0,0,0,19157939,329,0.8894662526413577
76a64cfb,Food & drink,2039-12-27 00:00:00+00:00,US,small,0,0,0,7451811,376,0.8893634852070642
7cc64781,Business services,2040-06-24 00:00:00+00:00,US,small,0,0,0,14958375,271,0.8892875523159343
a96489ef,Food & drink,2038-01-10 00:00:00+00:00,US,small,0,0,0,8233571,374,0.8891160390481904
93eaa183,Grocery & food stores,2040-04-28 00:00:00+00:00,US,small,0,0,0,9877878,366,0.8890712701239187
a8b73d04,Electronics,2041-01-29 00:00:00+00:00,US,small,0,4623454,0,10699398,353,0.8889360826414712
23ef8149,Specialty retail,2040-10-06 00:00:00+00:00,US,small,0,0,0,111629072,351,0.8886918136097257
690b33ec,Grocery & food stores,2040-10-07 00:00:00+00:00,US,small,0,0,0,39435194,356,0.888514919919732
d5362757,Merchandise,2040-08-17 00:00:00+00:00,US,small,0,0,0,37682246,355,0.8884206901631645
a532bdc6,Personal services,2038-11-20 00:00:00+00:00,US,small,0,0,0,2937245,315,0.8882720939748068
37275fd6,Digital goods,2040-01-17 00:00:00+00:00,US,small,0,0,884501,10263679,257,0.8880536059317614
d22869f5,Personal services,2041-01-04 00:00:00+00:00,US,small,0,0,0,8934415,312,0.887559774305436
7f58c0bf,Merchandise,2041-02-09 00:00:00+00:00,US,small,0,0,0,19054355,354,0.8874812291394586
2489bf8d,Merchandise,2038-02-16 00:00:00+00:00,US,small,0,0,0,18681672,354,0.8874658083899942
d6655910,"Religion, politics & other memberships",2036-05-20 00:00:00+00:00,US,small,0,0,0,23779348,329,0.8874149134284005
98d1e867,Digital goods,2039-12-27 00:00:00+00:00,US,small,0,0,0,69337827,313,0.8874067433177174
fa9abdec,Clothing & accessory,2034-03-16 00:00:00+00:00,US,small,0,0,0,10349637,358,0.8873914703838193
f6158ab9,Food & drink,2040-04-29 00:00:00+00:00,US,small,0,0,0,17567150,360,0.8872507808415457
9b6e791f,Leisure,2041-07-05 00:00:00+00:00,US,small,0,0,0,5974000,352,0.8871843014207951
48424862,Others,2041-06-28 00:00:00+00:00,US,small,0,0,0,8162771,322,0.8869755700567307
f916c159,Ticketing & events,2034-10-21 00:00:00+00:00,US,small,0,0,0,30373936,354,0.8869634322257127
e64d2f9b,Grocery & food stores,2035-01-12 00:00:00+00:00,US,small,0,0,0,23774900,351,0.8869120181712479
79726ac5,Others,2041-05-28 00:00:00+00:00,US,small,0,0,0,19460772,320,0.8868822396260505
7b492700,Charity,2039-04-10 00:00:00+00:00,US,small,0,0,0,3040599,347,0.8868342062924945
1338477,Education,2038-11-28 00:00:00+00:00,US,small,0,0,0,1217758,318,0.8868287451703611
d6d7d470,Clothing & accessory,2039-01-08 00:00:00+00:00,US,small,0,0,0,29258150,351,0.8868067993563664
4f45aa75,Charity,2037-12-22 00:00:00+00:00,US,small,0,0,0,746280,347,0.8867323470871844
cb4f7c46,Others,2036-02-09 00:00:00+00:00,US,small,0,0,0,29887990,318,0.8867175185603873
43070792,Automotive parts and repair/service shops,2037-05-26 00:00:00+00:00,US,small,0,0,0,1837993,362,0.886628718353355
a5a6c32b,Digital goods,2040-02-25 00:00:00+00:00,US,small,0,18360682,0,169458920,402,0.8864312679354838
91368159,Ticketing & events,2040-03-03 00:00:00+00:00,US,small,0,0,0,233671245,328,0.8862171494250425
19ad6ca3,Grocery & food stores,2038-11-28 00:00:00+00:00,US,small,0,0,0,40357712,344,0.8860669159459459
c5899eac,Consulting services,2039-11-29 00:00:00+00:00,US,small,0,0,0,4249224,355,0.8859122272552273
64964929,Digital goods,2041-04-10 00:00:00+00:00,US,small,0,0,394525,19138011,275,0.8858963604748009
044c26d7,Merchandise,2040-01-28 00:00:00+00:00,US,small,0,0,0,43961829,341,0.8856781029379879
beb55910,Merchandise,2038-05-16 00:00:00+00:00,US,small,0,0,0,8142735,347,0.8855665885706103
82432ae8,Education,2034-03-06 00:00:00+00:00,US,small,0,0,0,21919100,311,0.8854645771452767
c84c454d,Grocery & food stores,2039-04-03 00:00:00+00:00,US,small,0,0,0,4317989,348,0.8854522590895947
f14e8ff4,Food & drink,2040-03-23 00:00:00+00:00,US,small,0,0,0,4490384,353,0.8853602185353395
577f7651,Grocery & food stores,2040-04-24 00:00:00+00:00,US,small,0,0,0,7042730,347,0.8853528707361722
acb64d54,Travel & lodging,2038-10-22 00:00:00+00:00,US,small,0,0,0,106091042,334,0.8852633103641162
39dc7bbe,Food & drink,2036-04-07 00:00:00+00:00,US,small,0,0,0,16396112,350,0.8852466005736602
4953921b,Grocery & food stores,2036-01-10 00:00:00+00:00,US,small,0,0,0,15660760,344,0.8850502038260815
8f5598fe,Food & drink,2040-05-15 00:00:00+00:00,US,small,0,0,0,5245758,351,0.8849801296259087
e6e4e836,Digital goods,2041-10-16 00:00:00+00:00,US,small,0,4968725,842000,5810725,249,0.8847962997439109
d65d8086,Merchandise,2037-12-01 00:00:00+00:00,US,small,0,0,0,15183019,342,0.8847298515916818
03c92afa,Food & drink,2039-11-24 00:00:00+00:00,US,small,0,0,0,2026385,350,0.88462768106282
c0251e9c,Merchandise,2036-04-27 00:00:00+00:00,US,small,0,0,0,11214679,342,0.8845575610749787
8ce4a2d1,Others,2040-02-07 00:00:00+00:00,US,small,0,0,0,50056109,308,0.8841571825684711
fe4a6076,Leisure,2039-01-05 00:00:00+00:00,US,small,0,0,0,11951654,335,0.8835169841111049
e6eea59b,Grocery & food stores,2041-05-05 00:00:00+00:00,US,small,0,0,0,10862966,338,0.8833922584787477
8970241d,Healthcare,2040-11-22 00:00:00+00:00,US,small,0,0,0,169403921,321,0.8831776761518694
10a5ba74,Furnishing,2040-04-11 00:00:00+00:00,US,small,0,0,0,80349378,333,0.8831231805664682
55b3aaf8,Merchandise,2038-04-27 00:00:00+00:00,US,small,0,0,0,18548290,334,0.8828578665844364
3a410b94,Education,2039-12-18 00:00:00+00:00,US,small,0,0,0,1689445,306,0.8826762941918256
47b31bce,Travel & lodging,2038-06-18 00:00:00+00:00,US,small,0,0,0,584912604,330,0.8826205093227393
4db481fd,Education,2033-07-10 00:00:00+00:00,US,small,0,8746205,0,21558169,304,0.8823445637635132
11a9f56c,Education,2036-08-01 00:00:00+00:00,US,small,0,0,0,18484700,303,0.8823272409704971
96ab5e9b,Clothing & accessory,2040-12-11 00:00:00+00:00,US,small,0,0,0,256283504,313,0.8821438039109617
3de281be,Furnishing,2037-06-05 00:00:00+00:00,US,small,0,0,0,90539285,328,0.8820647175851566
e6c40f65,Business services,2039-11-08 00:00:00+00:00,US,small,0,0,0,36716757,257,0.8817251165934226
b75b2401,Education,2038-11-14 00:00:00+00:00,US,small,0,0,0,92187069,294,0.8816149063005664
03f1592b,Charity,2036-01-15 00:00:00+00:00,US,small,0,0,0,3949000,326,0.8814870585467418
274a7b96,Business services,2039-08-28 00:00:00+00:00,US,small,0,0,0,5711738,259,0.8814412980197217
6d76c1b2,Merchandise,2039-06-14 00:00:00+00:00,US,small,0,0,0,19995009,328,0.881239265284697
7e595093,Grocery & food stores,2039-04-10 00:00:00+00:00,US,small,0,0,0,10418204,330,0.8812178430537354
ff918432,Ticketing & events,2032-04-30 00:00:00+00:00,US,small,0,0,0,62254540,324,0.8807225553546439
8c48700b,Software,2039-01-16 00:00:00+00:00,US,small,0,320000,0,320000,243,0.8804497599219663
1b39889d,Digital goods,2040-01-22 00:00:00+00:00,US,small,0,0,0,286258,302,0.8802974215149942
caae4f9f,Charity,2034-05-07 00:00:00+00:00,US,small,0,0,0,10198100,319,0.8795688212494246
d1c47c3e,Specialty retail,2041-06-22 00:00:00+00:00,US,small,0,0,0,16137321,328,0.8795045649360194
10aea37c,Digital goods,2039-06-05 00:00:00+00:00,US,small,0,0,0,646300,300,0.8794936254912971
9bed2527,Others,2039-08-16 00:00:00+00:00,US,small,0,0,57500,10650623,293,0.8790215269750632
0a226ce5,Merchandise,2040-11-24 00:00:00+00:00,US,small,0,0,0,4640814,323,0.8790157951351398
de5d73bd,Specialty retail,2038-02-05 00:00:00+00:00,US,small,0,0,0,10543930,327,0.8789526225051986
e821d853,Art & photography,2041-01-01 00:00:00+00:00,US,small,0,0,0,813087,327,0.8785027222239418
55abed27,Personal services,2037-01-06 00:00:00+00:00,US,small,0,0,0,2853560,290,0.8783819689093705
7d2065ad,Electronics,2034-05-20 00:00:00+00:00,US,small,0,0,0,44151525,321,0.878346399332943
195c02dd,Others,2035-10-20 00:00:00+00:00,US,small,0,0,0,11152978,297,0.877989514227866
c68a76eb,Leisure,2040-03-17 00:00:00+00:00,US,small,0,0,0,396130,317,0.8775359476724248
7e76aa4d,Leisure,2035-07-16 00:00:00+00:00,US,small,0,0,0,1129470538,418,0.8775027127426599
22b0ee79,Food & drink,2040-04-30 00:00:00+00:00,US,small,0,0,0,7925685,322,0.8774382829410465
346664f4,Others,2037-02-04 00:00:00+00:00,US,small,0,0,0,64335471,290,0.8771964056098861
2ac4cc90,"Religion, politics & other memberships",2039-02-04 00:00:00+00:00,US,small,0,0,0,6118914,301,0.8770162389236222
94a80caf,"Medical services, drugs, testing labs & equipment medium",2035-06-25 00:00:00+00:00,US,small,0,0,0,50251429,304,0.8767412815635212
f2c4159e,Digital goods,2039-08-01 00:00:00+00:00,US,small,0,0,0,3571768,293,0.8765733959353182
fa86a089,Business services,2040-06-23 00:00:00+00:00,US,small,0,0,0,19491196,251,0.8765539167207738
71a6b1ac,Leisure,2040-02-25 00:00:00+00:00,US,small,0,0,0,4756500,313,0.8763260224433069
b627296e,Food & drink,2040-04-18 00:00:00+00:00,US,small,0,0,0,2591867,319,0.876188440371302
a7b8b490,Digital goods,2038-07-18 00:00:00+00:00,US,small,0,0,0,2344500,292,0.876046593872556
4b3c6af8,Food & drink,2040-04-18 00:00:00+00:00,US,small,0,0,0,4026175,317,0.8755662771276607
6d0decd6,Software,2034-11-18 00:00:00+00:00,US,small,0,0,0,7105391,237,0.8751362360268546
32cbda23,Digital goods,2040-09-11 00:00:00+00:00,US,small,0,0,0,1394761,290,0.8750494875680551
b1883832,Art & photography,2038-08-02 00:00:00+00:00,US,small,0,0,0,94237366,304,0.8741715422282132
c862f977,Others,2039-04-16 00:00:00+00:00,US,small,0,0,0,14585192,288,0.8739765484081496
181238c7,Digital goods,2038-09-07 00:00:00+00:00,US,small,0,0,0,62130457,282,0.8738605720479078
a8932d5c,Business services,2034-01-15 00:00:00+00:00,US,small,0,0,0,19428338,247,0.8734861191630386
38d92b17,Merchandise,2038-05-19 00:00:00+00:00,US,small,0,0,0,4669525,307,0.87330148656736
4a43af86,Travel & lodging,2040-08-27 00:00:00+00:00,US,small,0,0,0,14888752,308,0.8732744350293333
e529745c,Leisure,2041-08-17 00:00:00+00:00,US,small,0,0,300100,123256937,268,0.8730651037110982
ab63076f,Education,2041-02-12 00:00:00+00:00,US,small,0,0,0,3356525,284,0.8729212878552518
bd1a801e,Business services,2040-04-03 00:00:00+00:00,US,small,0,0,0,9117100,247,0.8729106776693222
7e824781,Art & photography,2040-02-09 00:00:00+00:00,US,small,0,0,0,21124584,308,0.8728339983780227
36519571,Food & drink,2040-07-08 00:00:00+00:00,US,small,0,0,0,5091468,309,0.8726509944436233
d37c298e,Merchandise,2040-03-13 00:00:00+00:00,US,small,0,0,0,163625084,292,0.8725260802177309
990eda3a,Digital goods,2040-07-01 00:00:00+00:00,US,small,0,2181760,0,2181760,279,0.8724735756421678
8f82f53c,Clothing & accessory,2039-03-28 00:00:00+00:00,US,small,0,0,0,337500136,290,0.8723419810375911
007f783b,Merchandise,2038-08-22 00:00:00+00:00,US,small,0,0,0,1207453861,418,0.872066340702307
92303f03,Grocery & food stores,2037-05-19 00:00:00+00:00,US,small,0,0,0,193705312,290,0.871976087826987
c36e7f06,Personal services,2041-03-18 00:00:00+00:00,US,small,0,0,0,6930000,277,0.8718608204198611
bb3b0592,Others,2040-03-25 00:00:00+00:00,US,small,0,0,0,6924300,284,0.8715501151266588
d524e121,Grocery & food stores,2037-12-06 00:00:00+00:00,US,small,0,0,0,4408800,303,0.8714594406670884
65c175d2,Others,2040-06-12 00:00:00+00:00,US,small,0,0,0,1305292016,418,0.8713669017609524
bea019d7,Automotive parts and repair/service shops,2041-01-02 00:00:00+00:00,US,small,0,0,0,13565322,305,0.8710797422231191
b8669283,Software,2040-07-18 00:00:00+00:00,GB,small,0,0,0,154995000,418,0.8709532559369711
03d4fd2a,Business services,2039-11-15 00:00:00+00:00,US,small,0,0,72700,15424000,239,0.8707739331721338
7be3cc0e,Software,2040-09-03 00:00:00+00:00,IT,small,0,0,537292,7409443,404,0.8702165268345867
74b1b765,Charity,2039-07-15 00:00:00+00:00,US,small,0,0,0,12401771,295,0.8701699077687007
2ad2cc1d,Merchandise,2036-04-02 00:00:00+00:00,US,small,0,0,0,9211492,299,0.8701447268904099
df4ae277,Grocery & food stores,2037-07-03 00:00:00+00:00,US,small,0,0,0,5966001,299,0.8697968157669719
76e58f52,Food & drink,2040-11-18 00:00:00+00:00,US,small,0,0,0,3115523,302,0.8696691551760075
eae29f8b,Cosmetics,2037-11-17 00:00:00+00:00,US,small,0,0,0,2942195,302,0.8692891237990361
287439fa,Business services,2041-04-17 00:00:00+00:00,US,small,0,0,0,1130335238,319,0.8690488111793111
6de35263,Education,2035-09-30 00:00:00+00:00,US,small,0,0,0,1856775,277,0.8690134429125521
9a46739c,Food & drink,2036-03-18 00:00:00+00:00,US,small,0,0,0,5607085,300,0.8689163417606939
195a8557,Transportation & car rental,2038-06-14 00:00:00+00:00,US,small,0,15811055,0,21569666,349,0.868722738807229
b5dcfaa4,Others,2041-08-26 00:00:00+00:00,US,small,0,0,0,3454912,279,0.8686530628404481
4237dcf6,Business services,2036-06-18 00:00:00+00:00,US,small,0,0,0,5801235,242,0.8686336718890089
37fd4dd9,Software,2038-07-03 00:00:00+00:00,US,small,0,0,0,74511042,226,0.8682775651121004
0d6f03f7,Automotive parts and repair/service shops,2040-08-19 00:00:00+00:00,US,small,0,0,0,17771382,298,0.8682357103341524
3254e42d,Clothing & accessory,2034-04-21 00:00:00+00:00,US,small,0,0,0,16120892,295,0.8680825978761602
0a573a1e,Healthcare,2039-02-15 00:00:00+00:00,US,small,0,0,0,55223000,292,0.8680381607572754
4650bc6a,Merchandise,2041-05-17 00:00:00+00:00,US,small,0,0,0,23076452,293,0.8680315190887062
9bc49800,Software,2035-03-23 00:00:00+00:00,GB,small,0,0,0,40334193,418,0.8677351757385661
9ceeb362,Software,2034-03-14 00:00:00+00:00,GB,small,0,0,0,40904986,414,0.8672939919237965
3925fb90,Software,2035-01-08 00:00:00+00:00,US,small,0,0,0,33869790,227,0.8672843787980645
1b396489,Digital goods,2041-07-11 00:00:00+00:00,US,small,0,0,0,3339898,275,0.8671325573761467
3e04f0fb,Merchandise,2040-08-05 00:00:00+00:00,US,small,0,0,0,33159493,290,0.8670285214105582
f6160dc3,Merchandise,2038-02-06 00:00:00+00:00,US,small,0,0,0,39246034,289,0.8668023119883852
b55e3819,Others,2040-06-28 00:00:00+00:00,US,small,0,0,0,45570009,272,0.8666330610904576
82ae748a,Business services,2038-12-20 00:00:00+00:00,US,small,0,0,0,808629,240,0.8666226439921518
309a9918,Software,2040-04-01 00:00:00+00:00,GB,small,0,0,0,13375178,416,0.8665658503411464
f6d8a4db,Grocery & food stores,2039-08-05 00:00:00+00:00,US,small,0,0,0,14355985,291,0.8664371394278487
415ed618,Personal services,2040-07-07 00:00:00+00:00,US,small,0,0,0,31078970,266,0.8663905698802387
64eda476,Software,2037-05-02 00:00:00+00:00,GB,small,0,0,0,30091098,408,0.8661737763689734
f69d0af5,Food & drink,2037-09-21 00:00:00+00:00,US,small,0,0,0,2427409,294,0.8659757857616263
01a8792b,Others,2037-01-31 00:00:00+00:00,US,small,0,60756,0,202874061,263,0.8657766812842358
56860d6e,Software,2034-08-12 00:00:00+00:00,GB,small,0,0,0,25541080,405,0.8656108442734229
0164653b,Leisure,2040-10-30 00:00:00+00:00,US,small,0,0,0,18636269,287,0.8655687750763661
ec2a207d,Furnishing,2038-04-16 00:00:00+00:00,US,small,0,0,0,5416354,294,0.8655589567765456
f73ce4ea,Travel & lodging,2040-10-01 00:00:00+00:00,US,small,0,0,0,18041930,290,0.8653511210630713
98775575,Furnishing,2037-04-07 00:00:00+00:00,US,small,0,0,32475,248861322,277,0.8653482336029534
c509cad9,Healthcare,2039-02-11 00:00:00+00:00,US,small,0,0,0,13830848,290,0.8651435455281037
3248de01,Others,2033-10-18 00:00:00+00:00,US,small,0,0,0,3020378,273,0.8651141908676041
85322983,Software,2040-01-20 00:00:00+00:00,GB,small,0,0,0,2749798,407,0.8650386703896035
e6f6855c,Merchandise,2039-11-14 00:00:00+00:00,US,small,0,0,0,8693148,288,0.8648204852008516
e354db38,Merchandise,2040-12-13 00:00:00+00:00,AU,small,0,0,1395968,71463725,415,0.8638775010747118
50a5aa9a,Food & drink,2041-02-13 00:00:00+00:00,US,small,0,0,0,3698398,289,0.8635435325879428
13314398,Software,2033-10-12 00:00:00+00:00,GB,small,0,0,0,4677853,396,0.8635085389897308
2bddbebe,Software,2033-10-31 00:00:00+00:00,GB,small,0,7882807,0,17763070,379,0.8634812261879651
7f9f4169,Merchandise,2035-07-04 00:00:00+00:00,US,small,0,0,0,905359,286,0.8633652674107606
95d4eb1d,Cosmetics,2039-01-07 00:00:00+00:00,US,small,0,0,0,11078407,288,0.8630152874050735
a788ceac,Grocery & food stores,2040-04-17 00:00:00+00:00,US,small,0,0,0,5007444,285,0.8628480122248465
434f1a52,Business services,2039-10-24 00:00:00+00:00,GB,small,0,0,0,103435175,418,0.862783717461681
d9ca90ce,Merchandise,2039-05-13 00:00:00+00:00,US,small,0,0,0,9046491,284,0.862706623803103
aee2bb1f,Education,2038-05-04 00:00:00+00:00,CA,small,0,0,1491500,57777253,360,0.8625349724280752
b599c247,Software,2036-03-02 00:00:00+00:00,CA,small,0,0,0,21333612,411,0.862253134763834
21173d8d,Software,2037-03-05 00:00:00+00:00,AU,small,0,0,0,53431767,418,0.862128851156566
a652df33,Food & drink,2038-11-02 00:00:00+00:00,US,small,0,0,0,7346758,285,0.8616101769947527
06aacaab,Food & drink,2040-11-27 00:00:00+00:00,US,small,0,0,0,3948698,285,0.8614341313873571
b8942f1f,Software,2039-09-11 00:00:00+00:00,LT,small,0,0,195499,14199716,415,0.8611321862384774
4277c796,Business services,2037-02-09 00:00:00+00:00,GB,small,0,0,0,151581521,397,0.861032240038652
c1662cac,Food & drink,2040-08-18 00:00:00+00:00,US,small,0,0,0,4606119,284,0.8609198595208123
41352aa4,Software,2040-12-03 00:00:00+00:00,GB,small,0,0,0,8178453,379,0.8606351878616244
6e07b188,Personal services,2038-05-06 00:00:00+00:00,US,small,0,0,0,12178613,259,0.8605890366814867
cebc2fe1,Software,2035-02-03 00:00:00+00:00,NO,small,0,0,0,607174032,418,0.8605389626099578
9ff730ed,Business services,2037-08-07 00:00:00+00:00,GB,small,0,0,0,23425031,418,0.8602745340196453
c879c2e7,Charity,2038-08-21 00:00:00+00:00,US,small,0,0,0,15857800,275,0.8596189697287955
7eff5ced,Business services,2037-12-01 00:00:00+00:00,US,small,0,0,0,4686464,232,0.859512849713841
403dd415,Software,2035-07-07 00:00:00+00:00,US,small,0,0,0,4339200,221,0.8593053422809337
c47d7db7,Merchandise,2037-09-25 00:00:00+00:00,US,small,0,0,0,9174345,278,0.8592931375590576
cb83d561,Software,2041-02-03 00:00:00+00:00,FR,small,0,0,0,39470629,418,0.8591412911701843
42d5444c,Others,2039-08-03 00:00:00+00:00,US,small,0,1701661,0,1701661,260,0.8591191055604088
aed0ec84,Business services,2041-04-21 00:00:00+00:00,GB,small,0,0,0,8680115,413,0.859077064163587
fa91b018,Business services,2040-09-02 00:00:00+00:00,GB,small,0,0,0,17310091,410,0.8589705974291948
bed46800,Software,2037-08-02 00:00:00+00:00,HK,small,0,0,0,130585601,415,0.8588855237612352
791f5a1f,Others,2040-07-20 00:00:00+00:00,US,small,0,0,0,46738300,260,0.8587041040674745
3092d518,Software,2037-02-14 00:00:00+00:00,CA,small,0,0,0,104489907,373,0.8584249971692364
7641e2c7,Business services,2037-10-12 00:00:00+00:00,GB,small,0,0,0,44582429,400,0.8584123731140813
f7502ef6,Charity,2040-09-04 00:00:00+00:00,US,small,0,0,0,3816300,274,0.8583697370442693
2af843f0,Electronics,2039-03-02 00:00:00+00:00,US,small,0,0,0,5285331,280,0.8582937103535356
8acfbf71,"Medical services, drugs, testing labs & equipment medium",2037-11-28 00:00:00+00:00,US,small,0,0,0,31548868,270,0.8582603426010564
57f8aa82,Automotive parts and repair/service shops,2038-03-06 00:00:00+00:00,US,small,0,0,0,2751700,280,0.8581598721109459
c19f51f6,Digital goods,2039-01-18 00:00:00+00:00,US,small,0,0,0,1486960775,418,0.8581380648668948
57563ccd,Software,2034-09-10 00:00:00+00:00,FR,small,0,0,0,9787725,418,0.858101729374762
c782b4fb,Digital goods,2037-12-26 00:00:00+00:00,US,small,0,0,0,30825600,259,0.8580326017618201
44457ca4,"Religion, politics & other memberships",2040-12-01 00:00:00+00:00,US,small,0,9529955,0,14855680,270,0.8578327785280472
5ffd89dc,Software,2037-03-31 00:00:00+00:00,JP,small,0,0,0,844638502,418,0.8577679026641698
3ab37920,Food & drink,2040-10-08 00:00:00+00:00,US,small,0,0,0,8113856,278,0.8576558949820758
4d14e1d6,Software,2040-11-20 00:00:00+00:00,US,small,0,22954990,17500,22977490,314,0.8574737620093428
3ea13b05,Business services,2037-06-02 00:00:00+00:00,US,small,0,0,0,75083628,226,0.8571892259501546
ec3d30f8,Business services,2040-11-17 00:00:00+00:00,FR,small,0,0,5713,227078876,418,0.8571307668766395
abf19e2c,Software,2037-07-07 00:00:00+00:00,US,small,0,0,0,3109526,219,0.857023602730034
9bb6125d,Automotive parts and repair/service shops,2040-07-16 00:00:00+00:00,US,small,0,0,0,717026,278,0.8568680792823191
a4497c40,Merchandise,2038-09-16 00:00:00+00:00,US,small,0,0,0,7554575,274,0.8567709766766944
8e3bde9d,Software,2037-06-09 00:00:00+00:00,FR,small,0,0,0,53266192,398,0.856618661258713
9f034e6a,Food & drink,2041-08-04 00:00:00+00:00,US,small,0,0,0,6235408,276,0.8563458776533825
aab77b91,Business services,2040-06-14 00:00:00+00:00,CA,small,0,0,0,18729088,418,0.8561770289646164
b7803e13,Food & drink,2040-08-03 00:00:00+00:00,US,small,0,0,0,1075627,276,0.856069914505086
92e63296,Software,2038-04-05 00:00:00+00:00,SG,small,0,0,0,16107592,418,0.8558026277263949
5bf690c7,Business services,2036-03-02 00:00:00+00:00,DE,small,0,0,0,502443812,418,0.8556209814119553
7b7cf5ca,Healthcare,2041-03-09 00:00:00+00:00,US,small,0,0,201800,23805640,257,0.8551348645218082
9dd8d762,Software,2040-07-08 00:00:00+00:00,CY,small,0,0,0,24618226,418,0.8551212242086466
f73d2b63,Business services,2040-11-22 00:00:00+00:00,CA,small,0,0,0,6931000,410,0.854585915308495
abc1cdd3,Food & drink,2041-09-14 00:00:00+00:00,US,small,0,0,0,7392504,273,0.8545297757810562
48f4aaf2,Healthcare,2037-01-19 00:00:00+00:00,US,small,0,0,0,30425242,270,0.8543680084421104
73c39715,Software,2041-01-02 00:00:00+00:00,MT,small,0,11337947,0,11745222,418,0.8541809829387741
2ff0bdb4,Education,2038-09-26 00:00:00+00:00,US,small,0,0,0,2163000,254,0.8535504263648949
a3faa339,Charity,2032-01-31 00:00:00+00:00,US,small,0,711390,5500,65597190,260,0.8535226756479002
3b0d8b14,Software,2041-03-30 00:00:00+00:00,CA,small,0,0,0,5063500,367,0.853506210111604
187c2564,Software,2036-12-15 00:00:00+00:00,JP,small,0,0,0,30616379,378,0.8534645696262628
120d7c53,Software,2033-08-12 00:00:00+00:00,GB,small,0,0,0,6466584,348,0.8529774072887737
0a8a2fef,Food & drink,2040-02-05 00:00:00+00:00,US,small,0,0,0,1064676,271,0.8528941393019049
91cfffc2,Software,2033-11-27 00:00:00+00:00,IE,small,0,0,0,15285636,394,0.8524819420416677
634ec9f9,Merchandise,2041-03-26 00:00:00+00:00,US,small,0,0,0,36325542,265,0.852277692744567
c480f588,Merchandise,2039-02-20 00:00:00+00:00,US,small,0,0,0,65011118,263,0.8521812086649294
b6d17562,Business services,2039-11-11 00:00:00+00:00,FR,small,0,0,0,26180038,417,0.8516582106222197
d3e6547f,Business services,2040-06-16 00:00:00+00:00,GB,small,0,0,0,8916144,372,0.851565933081256
8e82c7ed,Business services,2038-02-01 00:00:00+00:00,AU,small,0,0,0,27784273,399,0.8513548033559312
d73eeee7,Software,2040-01-20 00:00:00+00:00,DE,small,0,932626,0,1428976,386,0.8512723686307898
c7bb2ea4,Software,2039-06-23 00:00:00+00:00,DE,small,0,0,0,31491265,386,0.851224123202111
ec7ddb64,Ticketing & events,2037-01-01 00:00:00+00:00,US,small,0,0,0,107247592,261,0.8511441793659466
c6d70ad4,Software,2040-09-30 00:00:00+00:00,NL,small,0,10470872,40355,10511227,385,0.8511280162879307
ac29662a,Food & drink,2040-05-04 00:00:00+00:00,US,small,0,0,0,4068222,268,0.8510520709996452
7860bd7c,Grocery & food stores,2041-08-04 00:00:00+00:00,US,small,0,0,0,2877128,266,0.8510341057775115
8d568693,Construction,2041-03-17 00:00:00+00:00,US,small,0,0,0,386881509,257,0.8499866769284119
6d279195,Leisure,2039-04-23 00:00:00+00:00,US,small,0,0,0,42951382,260,0.849814385334445
a87faa86,Ticketing & events,2040-12-16 00:00:00+00:00,US,small,0,0,0,21194375,264,0.849580717066971
b3daa6c5,Business services,2040-01-16 00:00:00+00:00,FR,small,0,0,0,7705592,408,0.8495665070340512
2489489a,Education,2038-03-16 00:00:00+00:00,US,small,0,0,0,867868,249,0.8494386617660736
ab108594,Software,2040-06-15 00:00:00+00:00,SI,small,0,0,0,7605941,387,0.8491621901686363
60e0566c,Education,2039-08-13 00:00:00+00:00,GB,small,0,0,0,221583632,417,0.8491105300350744
370ba8bc,Merchandise,2039-06-06 00:00:00+00:00,US,small,0,0,0,70595739,258,0.8487283088089453
2d692578,Business services,2035-03-30 00:00:00+00:00,US,small,0,0,0,35145715,220,0.8487246721410668
425abc34,Transportation & car rental,2041-08-12 00:00:00+00:00,US,small,0,0,0,61607069,261,0.8487223525644456
6c5b4161,Others,2036-12-08 00:00:00+00:00,GB,small,0,0,0,257208818,418,0.8486847331460526
bdbba560,Others,2037-06-08 00:00:00+00:00,GB,small,0,0,0,249234560,418,0.8485745061649875
f807394a,Others,2035-07-09 00:00:00+00:00,GB,small,0,0,0,245718449,418,0.8485240351134625
a44d7e24,Others,2036-10-23 00:00:00+00:00,GB,small,0,0,0,572825167,418,0.8484132938566634
312e351e,Business services,2041-06-14 00:00:00+00:00,CA,small,0,0,0,24763304,374,0.8483111768242281
f8d55154,Education,2037-12-24 00:00:00+00:00,US,small,0,0,0,81612710,243,0.8483038857721868
6adc32c7,Business services,2040-08-18 00:00:00+00:00,RO,small,0,0,0,32913165,415,0.8481990186254675
d225fd1c,Business services,2040-02-16 00:00:00+00:00,LV,small,0,0,0,28933904,414,0.8477586554950589
b74dd733,Software,2041-10-28 00:00:00+00:00,US,small,0,0,0,2372713,211,0.8475593254538796
f207c64a,Business services,2039-04-24 00:00:00+00:00,US,small,0,0,0,13598592,220,0.8474858670469642
d992fe3e,"Religion, politics & other memberships",2041-03-02 00:00:00+00:00,US,small,0,0,0,30295866,250,0.8474140519930866
f5c3d394,Business services,2039-06-28 00:00:00+00:00,GB,small,0,0,0,15287405,355,0.8473750085284305
27b48e56,Digital goods,2038-07-30 00:00:00+00:00,US,small,0,0,0,7827577,247,0.8472931071912932
b4347945,Clothing & accessory,2038-09-24 00:00:00+00:00,GB,small,0,0,138403,270258439,418,0.8468411157368445
a3b3682e,Clothing & accessory,2036-01-21 00:00:00+00:00,US,small,0,0,0,1548784723,418,0.8464897880900254
184fa70d,Construction,2040-09-14 00:00:00+00:00,US,small,0,0,0,31752845,259,0.8464352092910794
f32337ac,Business services,2041-05-11 00:00:00+00:00,LV,small,0,0,0,18079816,408,0.8463604997795675
eea1459e,Personal services,2039-09-09 00:00:00+00:00,GB,small,0,0,0,41305593,415,0.8460822002110372
c857ac1c,Personal services,2040-11-11 00:00:00+00:00,GB,small,0,0,0,44920958,414,0.8460384589025028
276acfab,Digital goods,2038-01-31 00:00:00+00:00,GB,small,0,0,0,83148038,418,0.8454991762844465
6d081a44,Personal services,2039-08-30 00:00:00+00:00,GB,small,0,0,0,47485515,410,0.845444918782575
a3e1663d,Personal services,2040-07-14 00:00:00+00:00,GB,small,0,0,0,7501720,418,0.8453815349171199
12770360,Personal services,2040-07-27 00:00:00+00:00,US,small,0,0,0,14883000,240,0.845138835728318
e79bfb9d,Charity,2040-03-19 00:00:00+00:00,US,small,0,0,0,69858310,251,0.8450233640058811
