merchant,industry,first_charge_date,country,business_size,subscription_volume,checkout_volume,payment_link_volume,total_volume,active_days,propensity_score
6da80a93,Clothing & accessory,2039-01-08 00:00:00+00:00,US,small,0,0,767000,1202371,89,0.35604359448069484
1c0276c9,Software,2042-05-26 00:00:00+00:00,LT,small,0,0,0,125684,11,0.34094455088115405
5422a1f6,Charity,2041-02-23 00:00:00+00:00,US,small,0,0,247500,3566500,80,0.3276823402891119
fab7fb7b,Charity,2036-10-24 00:00:00+00:00,US,medium,0,0,95500,3985700,112,0.3276823402891119
1485823e,Charity,2036-08-15 00:00:00+00:00,US,medium,0,0,314000,300045500,385,0.3276823402891119
093db87e,Charity,2041-04-25 00:00:00+00:00,US,small,0,156200,450000,606200,35,0.3276823402891119
2aae980e,Business services,2041-07-25 00:00:00+00:00,US,small,0,0,380000,1720000,15,0.3264783487733197
f8343fac,Business services,2041-07-09 00:00:00+00:00,US,small,0,0,5650650,5650650,280,0.3264783487733197
9598107b,Business services,2039-08-01 00:00:00+00:00,US,small,0,0,500000,570000,3,0.3264783487733197
872773d8,Business services,2039-01-23 00:00:00+00:00,US,small,0,0,1102400,1102400,2,0.3264783487733197
c24f4462,Business services,2041-05-17 00:00:00+00:00,US,small,0,0,4102035,11337745,129,0.3264783487733197
740224c1,Business services,2042-04-20 00:00:00+00:00,US,small,0,0,1440000,3480000,5,0.3264783487733197
aaf354cc,Business services,2038-03-15 00:00:00+00:00,US,small,0,250000,4200000,119316020,214,0.3264783487733197
a68fb867,Business services,2038-03-26 00:00:00+00:00,US,small,0,0,2173926,8461726,103,0.3264783487733197
945a972b,Business services,2041-05-12 00:00:00+00:00,US,small,0,0,800000,800000,1,0.3264783487733197
a470332f,Business services,2042-04-19 00:00:00+00:00,US,small,0,0,925000,925000,1,0.3264783487733197
d26100ba,Business services,2040-12-12 00:00:00+00:00,US,small,0,0,180000,1198002,34,0.3264783487733197
9bae58c0,Business services,2042-04-29 00:00:00+00:00,US,medium,0,0,500000,750000,3,0.3264783487733197
252ddd52,Business services,2041-09-22 00:00:00+00:00,US,small,0,0,1550000,1662500,18,0.3264783487733197
0d71b51a,Business services,2040-07-16 00:00:00+00:00,US,medium,0,0,219900,559900,3,0.3264783487733197
b84d83d2,Business services,2041-11-28 00:00:00+00:00,US,small,0,0,1075038,1075038,4,0.3264783487733197
f64f84ea,Business services,2041-09-20 00:00:00+00:00,US,medium,0,0,75000,996241,85,0.3264783487733197
32764d8e,Business services,2040-11-17 00:00:00+00:00,US,small,0,0,1234800,1234800,5,0.3264783487733197
f446e1dd,Business services,2041-10-05 00:00:00+00:00,US,small,0,0,896283,932883,10,0.3264783487733197
4452e2d8,Business services,2037-10-15 00:00:00+00:00,US,small,0,0,345000,11189200,40,0.3264783487733197
fc20902c,Business services,2040-03-02 00:00:00+00:00,US,small,0,0,2949525,2955525,3,0.3264783487733197
e0a7abc2,Business services,2041-06-24 00:00:00+00:00,US,small,0,0,11992800,11992800,15,0.3264783487733197
6e1a34ca,Business services,2042-02-19 00:00:00+00:00,US,small,0,0,569035,569035,7,0.3264783487733197
a93bd7d1,Business services,2041-08-02 00:00:00+00:00,US,small,0,0,1146225,1146225,10,0.3264783487733197
58d10d2c,Business services,2036-10-18 00:00:00+00:00,US,medium,0,0,232698,26321131,91,0.3264783487733197
93bcda16,Business services,2041-10-10 00:00:00+00:00,US,small,0,0,911660,912160,14,0.3264783487733197
03d4fd2a,Business services,2039-11-15 00:00:00+00:00,US,small,0,0,72700,15424000,239,0.3264783487733197
3e42459f,Business services,2038-09-26 00:00:00+00:00,US,small,0,0,500000,2205450,10,0.3264783487733197
e0dd8bf4,Business services,2041-02-24 00:00:00+00:00,US,medium,0,0,270000,6365433,11,0.3264783487733197
fafeecf3,Business services,2041-09-07 00:00:00+00:00,US,small,0,112000,69500,546200,42,0.3264783487733197
a11c5d49,Business services,2041-11-24 00:00:00+00:00,US,small,0,0,2460750,5080750,15,0.3264783487733197
d1790d81,Business services,2040-09-11 00:00:00+00:00,US,small,0,0,120000,2035000,14,0.3264783487733197
ca34a9c2,Business services,2039-02-21 00:00:00+00:00,US,small,0,0,3833000,3833000,12,0.3264783487733197
5f8873c7,Business services,2041-08-27 00:00:00+00:00,US,small,0,0,290939,737110,6,0.3264783487733197
04a64531,Business services,2041-03-29 00:00:00+00:00,US,small,0,0,57300,578680,12,0.3264783487733197
9ef343c8,Business services,2041-12-16 00:00:00+00:00,US,small,0,0,977221,1988121,9,0.3264783487733197
0cab1ac4,Business services,2042-01-04 00:00:00+00:00,US,small,0,0,1557400,1677400,21,0.3264783487733197
b9ea1dd7,Business services,2041-07-26 00:00:00+00:00,US,small,0,0,1820398,3594837,13,0.3264783487733197
5aa4db4e,Software,2042-04-06 00:00:00+00:00,US,small,0,3690,1000000,1003690,2,0.32217036645626695
b3425921,Software,2041-02-10 00:00:00+00:00,US,medium,0,0,504000,1700980,6,0.32217036645626695
e52942b0,Software,2037-06-16 00:00:00+00:00,US,small,0,0,570200,27406840,415,0.32217036645626695
83d0583e,Software,2041-04-20 00:00:00+00:00,US,small,0,0,100688,3380208,18,0.32217036645626695
acd6d4fa,Software,2038-12-23 00:00:00+00:00,US,small,0,0,788600,2269362,104,0.32217036645626695
a0d8c308,Software,2041-08-04 00:00:00+00:00,US,medium,0,0,200000,1008827,23,0.32217036645626695
f9425f65,Software,2040-11-12 00:00:00+00:00,US,small,0,0,1560688,4020038,27,0.32217036645626695
e47cf334,Software,2041-07-06 00:00:00+00:00,US,small,0,0,307500,1313000,14,0.32217036645626695
e587e163,Software,2041-05-24 00:00:00+00:00,US,small,0,0,140000,558900,23,0.32217036645626695
0cfaa8d4,Software,2042-02-02 00:00:00+00:00,US,small,0,0,1567500,6481500,10,0.32217036645626695
5bc668b1,Software,2041-11-12 00:00:00+00:00,US,small,0,0,639450,639450,6,0.32217036645626695
e2df5adf,Software,2039-09-17 00:00:00+00:00,US,medium,0,0,85971,998138565,418,0.32217036645626695
0c5fdc5d,Software,2041-12-30 00:00:00+00:00,US,small,0,0,1984481,3849345,6,0.32217036645626695
0c1972be,Software,2041-08-19 00:00:00+00:00,US,small,0,4469130,354617,4823747,67,0.32217036645626695
757fd69a,Software,2041-12-06 00:00:00+00:00,US,small,0,0,46505552,46505552,58,0.32217036645626695
f881b980,Software,2041-05-20 00:00:00+00:00,US,small,0,16191990,596532,108301512,397,0.32217036645626695
b52b1b2c,Software,2041-09-08 00:00:00+00:00,US,small,0,0,1800899,1800899,5,0.32217036645626695
2dff8206,Charity,2042-04-27 00:00:00+00:00,US,small,0,0,340500,340500,6,0.3112128125441025
fb273871,Charity,2042-05-19 00:00:00+00:00,US,small,0,0,102000,524610,11,0.3112128125441025
dab30881,Charity,2040-08-30 00:00:00+00:00,US,small,0,0,94000,94000,3,0.3112128125441025
64964929,Digital goods,2041-04-10 00:00:00+00:00,US,small,0,0,394525,19138011,275,0.306796539455473
94ec2af3,Art & photography,2036-12-12 00:00:00+00:00,US,small,0,0,620500,2270368,21,0.306796539455473
6fdff2b6,"Religion, politics & other memberships",2042-03-11 00:00:00+00:00,US,small,0,0,4912611,4912611,43,0.306796539455473
71da7f66,"Religion, politics & other memberships",2041-09-02 00:00:00+00:00,US,small,0,0,4537500,4787500,38,0.306796539455473
a5c6bcb6,Grocery & food stores,2039-02-14 00:00:00+00:00,US,small,0,0,1075000,1075000,20,0.306796539455473
4abf485f,Others,2041-07-21 00:00:00+00:00,US,small,0,0,1352400,1366500,16,0.306796539455473
7a308db0,Digital goods,2035-02-05 00:00:00+00:00,US,small,0,0,120000,1132500,11,0.306796539455473
dd5bf16c,Education,2038-10-20 00:00:00+00:00,US,small,0,0,2012735,2012735,11,0.306796539455473
e897e85b,Insurance,2039-01-18 00:00:00+00:00,US,small,0,0,3543556,82507725,210,0.306796539455473
b151e055,Electronics,2041-12-14 00:00:00+00:00,US,small,0,0,6500000,7120348,21,0.306796539455473
d4923de6,Education,2041-03-18 00:00:00+00:00,US,small,0,0,101600,1597074,13,0.306796539455473
27ace42b,Personal services,2041-11-18 00:00:00+00:00,US,small,0,0,760000,760000,1,0.306796539455473
c5ddae42,Personal services,2037-08-08 00:00:00+00:00,US,small,0,0,617800,1617800,17,0.306796539455473
a9c6a715,Personal services,2041-05-26 00:00:00+00:00,US,small,0,0,156780,2164226,39,0.306796539455473
e24c69fc,Others,2040-06-19 00:00:00+00:00,US,small,0,0,524376,633476,11,0.306796539455473
a09db9f7,"Religion, politics & other memberships",2041-12-13 00:00:00+00:00,US,small,0,0,262500,16583870,17,0.306796539455473
c404bd84,Grocery & food stores,2041-01-07 00:00:00+00:00,US,small,0,0,1864500,30755980,34,0.306796539455473
a42fd475,"Medical services, drugs, testing labs & equipment medium",2042-03-03 00:00:00+00:00,US,small,0,0,126500,602615,29,0.306796539455473
7c513312,Digital goods,2041-08-02 00:00:00+00:00,US,small,0,0,4061675,4061675,82,0.306796539455473
137225bd,Leisure,2041-10-05 00:00:00+00:00,US,small,0,0,127500,9469783,241,0.306796539455473
a0a57ca4,Digital goods,2040-04-17 00:00:00+00:00,US,small,0,15656735,37759680,68086070,194,0.306796539455473
183d719a,Others,2042-02-14 00:00:00+00:00,US,small,0,0,1009600,1326151,94,0.306796539455473
1795ecea,Personal services,2039-02-22 00:00:00+00:00,US,small,0,0,3063900,3993681,94,0.306796539455473
35cd6e25,Travel & lodging,2039-04-26 00:00:00+00:00,US,small,0,0,587200,8751800,20,0.306796539455473
3c03deaa,Personal services,2042-01-01 00:00:00+00:00,US,small,0,0,108000,3856775,50,0.306796539455473
00c6049c,Grocery & food stores,2042-01-02 00:00:00+00:00,US,small,0,0,155200,822339,32,0.306796539455473
0d054da2,"Religion, politics & other memberships",2041-01-18 00:00:00+00:00,US,medium,0,0,200000,6000000,54,0.306796539455473
fbba015b,Personal services,2041-09-15 00:00:00+00:00,US,small,0,0,503000,1080700,55,0.306796539455473
d34e2655,Others,2041-03-23 00:00:00+00:00,US,small,0,0,65000,692885,9,0.306796539455473
3482b8a2,Education,2036-07-07 00:00:00+00:00,US,small,0,0,219900,605120,10,0.306796539455473
0d36102c,Education,2041-11-09 00:00:00+00:00,US,large,0,0,381250,1344340,44,0.306796539455473
3d6ec1b9,Rentals,2042-01-27 00:00:00+00:00,US,small,0,0,1320000,1320000,2,0.306796539455473
1ed9a52d,Others,2037-01-03 00:00:00+00:00,US,medium,0,0,979600,682469086,402,0.306796539455473
3a40f731,Digital goods,2041-08-27 00:00:00+00:00,US,small,0,36000,1177625,1213625,46,0.306796539455473
813bfb5f,Others,2042-01-07 00:00:00+00:00,US,small,0,0,500000,580000,2,0.306796539455473
05f13790,Leisure,2041-05-19 00:00:00+00:00,US,small,0,0,155100,2249300,63,0.306796539455473
85bfbed3,"Medical services, drugs, testing labs & equipment medium",2042-01-11 00:00:00+00:00,US,small,0,0,365000,614900,8,0.306796539455473
62d31119,Education,2042-01-11 00:00:00+00:00,US,small,0,0,681004,6090628,33,0.306796539455473
7b5fa18e,Education,2042-01-14 00:00:00+00:00,US,small,0,0,760000,2303600,60,0.306796539455473
dfaa710f,Personal services,2042-01-17 00:00:00+00:00,US,small,0,0,134700,908400,15,0.306796539455473
1d6d1958,Personal services,2042-01-17 00:00:00+00:00,US,small,0,0,899100,2299100,17,0.306796539455473
544d3284,Travel & lodging,2042-02-01 00:00:00+00:00,US,small,0,0,327200,9544964,25,0.306796539455473
2d34f1b6,Personal services,2041-11-15 00:00:00+00:00,US,small,0,0,3250000,8002000,4,0.306796539455473
6c343b1b,"Medical services, drugs, testing labs & equipment medium",2041-09-17 00:00:00+00:00,US,small,0,0,4734100,4734100,28,0.306796539455473
af46a422,Automotive parts and repair/service shops,2040-08-04 00:00:00+00:00,US,small,0,0,4119705,8508399,38,0.306796539455473
b217d4f5,Digital goods,2041-02-27 00:00:00+00:00,US,small,0,0,3158000,4058000,3,0.306796539455473
42bfd47f,"Religion, politics & other memberships",2041-09-27 00:00:00+00:00,US,large,0,0,135000,2915000,36,0.306796539455473
b44f6496,"Religion, politics & other memberships",2040-08-31 00:00:00+00:00,US,small,0,0,1270000,1270000,44,0.306796539455473
ab38ea84,Education,2041-08-07 00:00:00+00:00,US,small,0,8589,86462,1109664,52,0.306796539455473
ff0cfb8d,Education,2042-02-18 00:00:00+00:00,US,small,0,0,2648532,2648532,19,0.306796539455473
d5d9ec13,Transportation & car rental,2040-08-05 00:00:00+00:00,US,small,0,0,355000,762090,8,0.306796539455473
0d69eb22,Education,2042-02-15 00:00:00+00:00,US,medium,0,0,429500,4874500,10,0.306796539455473
b0db91ee,Education,2041-08-14 00:00:00+00:00,US,small,0,0,3992500,4025600,48,0.306796539455473
baf6b3cd,Travel & lodging,2036-03-10 00:00:00+00:00,US,medium,0,0,3663153,5417099,24,0.306796539455473
8298325d,Others,2041-04-29 00:00:00+00:00,US,medium,0,53166494,10787322,63953816,271,0.306796539455473
3526fb1b,Education,2041-02-11 00:00:00+00:00,US,small,0,0,2110000,4545300,46,0.306796539455473
d0172efc,"Medical services, drugs, testing labs & equipment medium",2041-09-04 00:00:00+00:00,US,small,0,0,596800,596800,2,0.306796539455473
e529745c,Leisure,2041-08-17 00:00:00+00:00,US,small,0,0,300100,123256937,268,0.306796539455473
ce187658,Personal services,2041-09-21 00:00:00+00:00,US,small,0,0,2676100,3006050,186,0.306796539455473
281d0d6c,Personal services,2042-02-03 00:00:00+00:00,US,small,0,0,32815500,33285000,72,0.306796539455473
82089348,Education,2040-02-27 00:00:00+00:00,US,small,0,0,413000,4476800,147,0.306796539455473
ae9f0e35,"Medical services, drugs, testing labs & equipment medium",2041-05-27 00:00:00+00:00,US,small,0,0,91500,935997,4,0.306796539455473
0772b7ff,Education,2038-04-18 00:00:00+00:00,US,small,0,0,250000,1100000,3,0.306796539455473
1cae0eb7,Education,2041-10-26 00:00:00+00:00,US,small,0,0,267800,631800,27,0.306796539455473
d2f11b19,Healthcare,2041-11-29 00:00:00+00:00,US,small,0,0,794512,3846424,13,0.306796539455473
e6e4e836,Digital goods,2041-10-16 00:00:00+00:00,US,small,0,4968725,842000,5810725,249,0.306796539455473
3d1fcbcc,Travel & lodging,2041-04-14 00:00:00+00:00,US,small,0,0,102000,3504959,118,0.306796539455473
4f48637b,Others,2041-11-18 00:00:00+00:00,US,small,0,0,260000,952700,21,0.306796539455473
af772b55,Education,2041-07-08 00:00:00+00:00,US,small,0,0,4700200,8375200,40,0.306796539455473
36c219d4,Consulting services,2042-05-10 00:00:00+00:00,US,small,0,0,874650,874650,1,0.306796539455473
0af83741,Others,2040-12-24 00:00:00+00:00,US,small,0,0,132350,5038663,66,0.306796539455473
ab6e6c9a,Personal services,2042-05-18 00:00:00+00:00,US,small,0,0,1765400,1765400,9,0.306796539455473
47c0a560,Personal services,2038-12-07 00:00:00+00:00,US,small,0,0,483300,991400,30,0.306796539455473
b0973eb3,Personal services,2041-11-28 00:00:00+00:00,US,small,0,0,839994,1155084,21,0.306796539455473
28c64ad4,Others,2042-03-28 00:00:00+00:00,US,small,0,0,659240,3829595,38,0.306796539455473
9c7988d9,Leisure,2039-02-10 00:00:00+00:00,US,small,0,0,325000,6218550,30,0.306796539455473
ee9cc48d,Others,2040-08-07 00:00:00+00:00,US,small,0,0,705000,705000,11,0.306796539455473
9d702011,Cosmetics,2040-06-05 00:00:00+00:00,US,small,0,0,6981420,6981420,171,0.306796539455473
85a0b2de,"Medical services, drugs, testing labs & equipment medium",2040-12-23 00:00:00+00:00,US,small,0,0,89400,22255516,191,0.306796539455473
8bbf0dff,"Medical services, drugs, testing labs & equipment medium",2042-06-09 00:00:00+00:00,US,small,0,0,670000,670000,1,0.306796539455473
66f2a92e,Travel & lodging,2041-06-14 00:00:00+00:00,US,small,0,0,892650,41800793,169,0.306796539455473
360093ab,Personal services,2038-03-25 00:00:00+00:00,US,small,0,0,604700,614700,12,0.306796539455473
e7b00f15,Travel & lodging,2040-10-27 00:00:00+00:00,US,small,0,0,946659,31801707,183,0.306796539455473
7b7cf5ca,Healthcare,2041-03-09 00:00:00+00:00,US,small,0,0,201800,23805640,257,0.306796539455473
2bd7dae3,Personal services,0,US,small,0,0,1599400,1599400,4,0.306796539455473
9bed2527,Others,2039-08-16 00:00:00+00:00,US,small,0,0,57500,10650623,293,0.306796539455473
4c7c4ac2,Others,2041-05-31 00:00:00+00:00,US,small,0,0,558900,558900,10,0.306796539455473
d85662d8,Cosmetics,2039-07-09 00:00:00+00:00,US,small,0,0,18800000,179103782,418,0.306796539455473
f8b7f999,Furnishing,2042-04-27 00:00:00+00:00,US,small,0,0,994614,995114,4,0.306796539455473
eea3cf59,"Religion, politics & other memberships",2041-11-02 00:00:00+00:00,US,small,0,0,10158700,12393600,42,0.306796539455473
92523861,"Religion, politics & other memberships",2040-01-24 00:00:00+00:00,US,small,0,0,690000,690000,9,0.306796539455473
11a76f26,Others,2041-10-21 00:00:00+00:00,US,small,0,0,550000,550000,8,0.306796539455473
100afc6e,"Religion, politics & other memberships",2040-01-30 00:00:00+00:00,US,small,0,10450000,41419340,80794340,128,0.306796539455473
4f9e5144,Personal services,2036-02-22 00:00:00+00:00,US,small,0,0,285000,1315000,6,0.306796539455473
eb4dbc14,Construction,2042-04-13 00:00:00+00:00,US,small,0,0,2250000,2950000,3,0.306796539455473
4997251b,"Religion, politics & other memberships",2039-02-03 00:00:00+00:00,US,small,0,0,1017500,1017500,19,0.306796539455473
044fd043,Education,2041-06-23 00:00:00+00:00,US,small,0,0,2108680,2193430,61,0.306796539455473
ceb5e771,Rentals,2039-10-18 00:00:00+00:00,US,small,0,0,615575,615575,10,0.306796539455473
3063c9e1,Art & photography,2041-03-17 00:00:00+00:00,US,small,0,0,85372,3588982,170,0.306796539455473
8a5b36ca,Personal services,2041-10-25 00:00:00+00:00,US,small,0,0,500000,779700,5,0.306796539455473
e6723cfc,Others,2042-04-12 00:00:00+00:00,US,small,0,0,208488,2103258,54,0.306796539455473
6709d077,Others,2040-04-17 00:00:00+00:00,US,medium,0,12809820,30761000,70381782,173,0.306796539455473
5273b836,"Religion, politics & other memberships",2035-02-08 00:00:00+00:00,US,small,0,0,979640,979640,7,0.306796539455473
f0d5dd52,Leisure,2040-12-04 00:00:00+00:00,US,small,0,0,225000,12605000,98,0.306796539455473
81a71be5,Travel & lodging,2040-11-29 00:00:00+00:00,US,small,0,0,1315000,33411288,204,0.306796539455473
1f85624a,"Religion, politics & other memberships",2042-03-21 00:00:00+00:00,US,small,0,0,624438,624438,1,0.306796539455473
53c83afa,Education,2041-07-15 00:00:00+00:00,US,small,0,0,1443250,13785150,160,0.306796539455473
b8db6f93,Others,2039-01-10 00:00:00+00:00,US,small,0,0,800000,800000,6,0.306796539455473
fa62edcd,"Medical services, drugs, testing labs & equipment medium",2040-09-28 00:00:00+00:00,US,small,0,0,43435484,46038234,112,0.306796539455473
6dfb603c,Consulting services,2039-08-20 00:00:00+00:00,US,small,0,0,330000,2888550,21,0.306796539455473
b5428529,Construction,2041-07-11 00:00:00+00:00,US,small,0,0,2412000,3695300,26,0.306796539455473
019f084a,Art & photography,2041-05-28 00:00:00+00:00,US,small,0,0,180000,1059400,12,0.306796539455473
7c700c41,Construction,2042-05-06 00:00:00+00:00,US,medium,0,0,4000000,17308622,28,0.306796539455473
3c909113,Art & photography,2038-06-13 00:00:00+00:00,US,small,0,0,1026500,6805990,107,0.306796539455473
37275fd6,Digital goods,2040-01-17 00:00:00+00:00,US,small,0,0,884501,10263679,257,0.306796539455473
4cbbfdc1,Rentals,2037-04-12 00:00:00+00:00,US,small,0,0,65000,26266050,37,0.306796539455473
38909bbe,"Religion, politics & other memberships",2042-04-26 00:00:00+00:00,US,small,0,0,65000,755100,23,0.306796539455473
3956d7df,Software,2041-02-17 00:00:00+00:00,US,small,0,0,73000,155500,6,0.3057008387112575
24dfd619,Software,2041-08-24 00:00:00+00:00,US,small,0,0,128000,435400,9,0.3057008387112575
1c3963b1,Software,2036-05-04 00:00:00+00:00,US,small,0,0,73500,73500,2,0.3057008387112575
6670b667,Software,2041-01-08 00:00:00+00:00,US,small,0,0,270000,270000,7,0.3057008387112575
ab719599,Software,2041-11-12 00:00:00+00:00,US,small,0,0,462927,464027,9,0.3057008387112575
dd84d9fe,Software,2036-01-19 00:00:00+00:00,US,small,0,0,200000,405100,14,0.3057008387112575
af558bb7,Software,2041-09-13 00:00:00+00:00,US,small,0,0,202920,206920,4,0.3057008387112575
65cf53f6,Software,2040-11-06 00:00:00+00:00,US,small,0,0,108852,241996,8,0.3057008387112575
e642c1a2,Software,2041-09-03 00:00:00+00:00,US,small,0,0,150100,150100,1,0.3057008387112575
be37b307,Software,2041-08-02 00:00:00+00:00,US,small,0,0,59500,59500,1,0.3057008387112575
167a772b,Software,2034-04-28 00:00:00+00:00,US,small,0,0,360500,360500,1,0.3057008387112575
9422a05c,Software,2041-11-09 00:00:00+00:00,US,small,0,0,275000,337500,4,0.3057008387112575
51c42c51,Construction,2040-12-30 00:00:00+00:00,US,small,0,0,85100,410100,14,0.2903270117104636
f4000c2e,Digital goods,2042-05-04 00:00:00+00:00,US,small,0,0,140000,140000,2,0.2903270117104636
2efd7c1c,"Religion, politics & other memberships",2042-05-06 00:00:00+00:00,US,small,0,0,130000,130000,7,0.2903270117104636
0d7f9ce9,Education,2041-08-21 00:00:00+00:00,US,medium,0,0,55000,55000,2,0.2903270117104636
26a93625,Personal services,2041-05-28 00:00:00+00:00,US,small,0,0,136800,136800,13,0.2903270117104636
fa0c65ad,Business services,2042-04-20 00:00:00+00:00,US,small,0,0,255000,255000,2,0.2903270117104636
fd1eb3ef,"Medical services, drugs, testing labs & equipment medium",2041-06-20 00:00:00+00:00,US,small,0,0,74300,74300,9,0.2903270117104636
016ae40d,Others,2042-05-04 00:00:00+00:00,US,small,0,0,62500,62500,6,0.2903270117104636
9809251b,Furnishing,2042-01-17 00:00:00+00:00,US,small,0,0,406043,406043,4,0.2903270117104636
ec100eda,Travel & lodging,2042-05-04 00:00:00+00:00,US,small,0,0,155883,155883,1,0.2903270117104636
4731e4d3,Business services,2036-07-30 00:00:00+00:00,US,small,0,0,69600,69600,1,0.2903270117104636
6807cc2b,Construction,2042-05-11 00:00:00+00:00,US,small,0,0,86000,86000,1,0.2903270117104636
43b2924b,Business services,2041-05-28 00:00:00+00:00,US,small,0,0,53600,53600,4,0.2903270117104636
eee73426,"Medical services, drugs, testing labs & equipment medium",2042-04-29 00:00:00+00:00,US,small,0,0,243370,243370,3,0.2903270117104636
d000d48f,Education,2042-05-02 00:00:00+00:00,US,small,0,0,171257,171257,1,0.2903270117104636
50e095d9,Personal services,2041-08-20 00:00:00+00:00,US,small,0,0,101636,101636,15,0.2903270117104636
30ad068a,Personal services,2042-01-28 00:00:00+00:00,US,small,0,0,448965,448965,2,0.2903270117104636
5b9a88a5,Others,2039-08-13 00:00:00+00:00,US,small,0,0,100100,100100,4,0.2903270117104636
10b5af7a,"Medical services, drugs, testing labs & equipment medium",2042-01-25 00:00:00+00:00,US,small,0,0,55000,55000,8,0.2903270117104636
e9b73198,"Religion, politics & other memberships",2037-09-10 00:00:00+00:00,US,small,0,0,103000,164000,31,0.2903270117104636
6933ec22,Business services,2042-03-26 00:00:00+00:00,US,small,0,0,450000,450000,1,0.2903270117104636
469d45d3,Education,2041-06-18 00:00:00+00:00,US,small,0,0,330000,330000,6,0.2903270117104636
e4d99fb2,Art & photography,2042-01-23 00:00:00+00:00,US,small,0,0,60000,60000,6,0.2903270117104636
7e953200,"Religion, politics & other memberships",2041-06-12 00:00:00+00:00,US,small,0,0,200000,200000,4,0.2903270117104636
62f677d2,Digital goods,2040-04-29 00:00:00+00:00,US,small,0,0,250000,250000,1,0.2903270117104636
5edc92a5,Business services,2042-06-08 00:00:00+00:00,US,small,0,0,129000,129000,2,0.2903270117104636
c03d8b7b,Digital goods,2042-01-09 00:00:00+00:00,US,small,0,17781,318175,335956,58,0.2903270117104636
605d7fee,Personal services,2041-08-27 00:00:00+00:00,US,small,0,0,126000,126000,17,0.2903270117104636
af3062d9,Personal services,2042-05-10 00:00:00+00:00,US,small,0,0,99000,99000,2,0.2903270117104636
f268e204,Education,2042-04-11 00:00:00+00:00,US,small,0,0,90000,90000,2,0.2903270117104636
fa1fc9ce,Others,2042-05-07 00:00:00+00:00,US,small,0,0,176700,183700,2,0.2903270117104636
a87456fe,Personal services,2042-01-21 00:00:00+00:00,US,small,0,0,250000,525000,14,0.2903270117104636
7ece2034,Others,2042-06-03 00:00:00+00:00,US,small,0,0,400000,400000,1,0.2903270117104636
1f1d5ac3,Business services,2037-10-11 00:00:00+00:00,US,small,0,0,100000,100000,1,0.2903270117104636
c4559de4,Business services,2042-03-14 00:00:00+00:00,US,small,0,0,210375,210375,3,0.2903270117104636
08c9cee3,"Medical services, drugs, testing labs & equipment medium",2041-08-14 00:00:00+00:00,US,small,0,0,98500,98500,5,0.2903270117104636
929a6f8f,Art & photography,2041-08-18 00:00:00+00:00,US,small,0,0,209500,209500,15,0.2903270117104636
a5b771ef,Personal services,2042-02-22 00:00:00+00:00,US,small,0,0,100000,415000,6,0.2903270117104636
7a5a4694,Others,2041-07-29 00:00:00+00:00,US,small,0,0,205400,205400,1,0.2903270117104636
3bd60d2b,Business services,2035-11-09 00:00:00+00:00,US,small,0,0,279700,279700,1,0.2903270117104636
08dfa898,Business services,2042-03-03 00:00:00+00:00,US,small,0,0,100000,387300,3,0.2903270117104636
69f690db,Business services,0,US,small,0,0,150000,213810,3,0.2903270117104636
5d2f9bf8,Education,2038-10-17 00:00:00+00:00,US,small,0,0,152860,181660,42,0.2903270117104636
1d65a8f4,"Religion, politics & other memberships",2038-03-30 00:00:00+00:00,US,small,0,0,226800,226800,7,0.2903270117104636
0db90dcd,Leisure,2039-12-02 00:00:00+00:00,US,small,0,0,87000,136500,4,0.2903270117104636
c3ccaa10,Education,2042-03-07 00:00:00+00:00,US,small,0,0,59800,59800,2,0.2903270117104636
92e17b8d,Business services,2042-05-24 00:00:00+00:00,US,small,0,0,200000,286000,4,0.2903270117104636
1234b088,Business services,2039-08-23 00:00:00+00:00,US,small,0,7000,64000,71000,8,0.2903270117104636
ac26097e,Construction,2041-02-19 00:00:00+00:00,US,small,0,0,225000,473500,22,0.2903270117104636
1fc04d9b,Business services,2041-03-24 00:00:00+00:00,US,small,0,0,76197,76197,1,0.2903270117104636
a8552860,Personal services,2041-07-13 00:00:00+00:00,US,small,0,0,317000,317000,10,0.2903270117104636
b90dedb6,Personal services,2042-03-09 00:00:00+00:00,US,small,0,0,200000,510000,2,0.2903270117104636
83950523,"Religion, politics & other memberships",2041-07-14 00:00:00+00:00,US,small,0,0,372230,372230,99,0.2903270117104636
dfc462de,Leisure,2042-02-05 00:00:00+00:00,US,small,0,0,192000,217000,8,0.2903270117104636
b5730490,Business services,2042-03-10 00:00:00+00:00,US,small,0,0,250100,250100,3,0.2903270117104636
52022b48,Cosmetics,2042-05-23 00:00:00+00:00,US,small,0,0,103700,218581,5,0.2903270117104636
bc9a2db9,Others,2039-01-14 00:00:00+00:00,US,small,0,0,380000,380000,12,0.2903270117104636
abc025a2,Leisure,2042-03-11 00:00:00+00:00,US,small,0,0,126400,276400,3,0.2903270117104636
89258e9e,Business services,2042-05-22 00:00:00+00:00,US,small,0,0,262000,262000,12,0.2903270117104636
b6d59fda,Business services,2042-03-12 00:00:00+00:00,US,medium,0,0,290000,290000,30,0.2903270117104636
2fbb4c0a,Education,2038-06-24 00:00:00+00:00,US,small,0,0,139000,139000,7,0.2903270117104636
485ba881,Leisure,2041-07-19 00:00:00+00:00,US,small,0,0,221400,222400,8,0.2903270117104636
38ccd0db,"Religion, politics & other memberships",2042-05-20 00:00:00+00:00,US,small,0,0,58000,58000,4,0.2903270117104636
8d3ba34d,"Religion, politics & other memberships",2040-10-06 00:00:00+00:00,US,small,0,0,309166,309166,35,0.2903270117104636
45c14531,Business services,2042-02-24 00:00:00+00:00,US,small,0,0,99800,99800,3,0.2903270117104636
61638e3a,Digital goods,2040-09-02 00:00:00+00:00,US,small,0,0,207900,207900,11,0.2903270117104636
b4353a06,Personal services,2041-04-26 00:00:00+00:00,US,small,0,0,69439,144703,32,0.2903270117104636
d23074c3,Personal services,2039-11-06 00:00:00+00:00,US,small,0,0,60000,66100,3,0.2903270117104636
1aff42b8,Business services,2041-05-31 00:00:00+00:00,US,small,0,0,180000,180000,5,0.2903270117104636
a0dd9f26,Business services,2042-04-11 00:00:00+00:00,US,small,0,0,472500,472500,5,0.2903270117104636
4fb0ea9a,Others,2042-02-10 00:00:00+00:00,US,small,0,0,99800,99800,3,0.2903270117104636
92b9aa5b,Business services,2042-06-01 00:00:00+00:00,US,small,0,0,101250,101250,5,0.2903270117104636
ede3144b,Personal services,2041-03-10 00:00:00+00:00,US,small,0,0,120000,289200,5,0.2903270117104636
153aa14a,Business services,2040-07-13 00:00:00+00:00,US,small,0,0,54700,54700,1,0.2903270117104636
efaba4cb,Transportation & car rental,2042-03-15 00:00:00+00:00,US,small,0,0,140050,140050,3,0.2903270117104636
2aca51e5,Education,2042-02-14 00:00:00+00:00,US,small,0,0,305400,305400,2,0.2903270117104636
bda3bf3e,Construction,2040-07-23 00:00:00+00:00,US,small,0,0,60000,60000,1,0.2903270117104636
ed9b6358,Personal services,2042-05-30 00:00:00+00:00,US,small,0,0,124600,124600,5,0.2903270117104636
4fb480a8,Personal services,2042-04-08 00:00:00+00:00,US,small,0,0,88200,108000,9,0.2903270117104636
94127de5,Leisure,2042-02-18 00:00:00+00:00,US,small,0,0,380000,380000,14,0.2903270117104636
a5e3f8d1,Business services,2042-03-30 00:00:00+00:00,US,small,0,0,166700,166700,2,0.2903270117104636
c267392a,Construction,2042-05-13 00:00:00+00:00,US,small,0,0,54500,54500,1,0.2903270117104636
977e6d76,Personal services,2039-06-22 00:00:00+00:00,US,small,0,0,78000,78000,4,0.2903270117104636
6467f612,"Religion, politics & other memberships",2041-08-15 00:00:00+00:00,US,medium,0,0,280800,280800,13,0.2903270117104636
2f464c20,Ticketing & events,2040-11-09 00:00:00+00:00,US,small,0,0,52000,52000,11,0.2903270117104636
afa7e8e1,Education,2042-02-23 00:00:00+00:00,US,small,0,0,58500,113300,11,0.2903270117104636
a2a80a9d,Business services,2041-07-05 00:00:00+00:00,US,small,0,0,61700,61700,9,0.2903270117104636
a87aae16,"Religion, politics & other memberships",2038-03-07 00:00:00+00:00,US,small,0,0,61716,61716,2,0.2903270117104636
2b3775ee,Transportation & car rental,2041-10-01 00:00:00+00:00,US,small,0,0,320000,320000,1,0.2903270117104636
eb044d62,Others,2042-03-29 00:00:00+00:00,US,medium,0,0,158200,158200,8,0.2903270117104636
7d8f09f1,Business services,2042-03-29 00:00:00+00:00,US,small,0,0,141800,141800,3,0.2903270117104636
42843377,Business services,2041-12-09 00:00:00+00:00,US,small,0,0,100000,100000,1,0.2903270117104636
137eed4e,Others,2041-10-19 00:00:00+00:00,US,small,0,0,100000,100000,1,0.2903270117104636
377e9e9e,Digital goods,2041-11-07 00:00:00+00:00,US,small,0,0,415584,415584,122,0.2903270117104636
dbc19327,"Religion, politics & other memberships",2041-09-20 00:00:00+00:00,US,small,0,0,95000,95000,7,0.2903270117104636
dd0e676d,Business services,2040-03-09 00:00:00+00:00,US,small,0,53900,297000,540900,17,0.2903270117104636
24017e1b,Leisure,2041-09-23 00:00:00+00:00,US,small,0,0,150000,350000,3,0.2903270117104636
b17dcb4c,"Medical services, drugs, testing labs & equipment medium",2041-11-11 00:00:00+00:00,US,small,0,0,312500,312500,4,0.2903270117104636
e766fd3f,Ticketing & events,2041-11-29 00:00:00+00:00,US,small,0,0,212000,212000,12,0.2903270117104636
08c7e5a5,"Medical services, drugs, testing labs & equipment medium",2041-12-21 00:00:00+00:00,US,small,0,0,495000,495000,2,0.2903270117104636
4bc004c3,Business services,2040-11-23 00:00:00+00:00,US,small,0,0,90050,90050,13,0.2903270117104636
cad7bf1a,Personal services,2041-09-13 00:00:00+00:00,US,large,0,0,55000,55000,8,0.2903270117104636
3f62976b,Others,2041-11-28 00:00:00+00:00,US,small,0,0,214500,432900,6,0.2903270117104636
4cd5b781,Business services,2039-06-26 00:00:00+00:00,US,small,0,0,102700,222700,2,0.2903270117104636
abc4f01e,Digital goods,2041-10-30 00:00:00+00:00,US,small,0,0,446600,446600,26,0.2903270117104636
8653a739,Leisure,2041-10-05 00:00:00+00:00,US,small,0,0,144000,144000,1,0.2903270117104636
53c7a89b,Others,2041-11-23 00:00:00+00:00,US,small,0,0,285500,415500,10,0.2903270117104636
85c86729,Personal services,2041-09-20 00:00:00+00:00,US,small,0,0,179291,179291,7,0.2903270117104636
2b723376,"Medical services, drugs, testing labs & equipment medium",2041-09-02 00:00:00+00:00,US,small,0,0,160000,517193,8,0.2903270117104636
77c8ca52,Business services,2041-10-18 00:00:00+00:00,US,small,0,0,65000,65000,1,0.2903270117104636
24093c10,"Religion, politics & other memberships",2041-10-28 00:00:00+00:00,US,small,0,0,73900,73900,21,0.2903270117104636
31b6ac93,"Medical services, drugs, testing labs & equipment medium",2040-06-19 00:00:00+00:00,US,small,0,0,53700,128400,3,0.2903270117104636
3d91f47e,Grocery & food stores,2038-06-29 00:00:00+00:00,US,small,0,0,90929,90929,7,0.2903270117104636
d11e8c3a,Education,2042-06-21 00:00:00+00:00,US,small,0,0,167000,167000,1,0.2903270117104636
aab753cf,Others,2041-10-19 00:00:00+00:00,US,small,0,0,98870,98870,6,0.2903270117104636
46c6b636,Rentals,2041-11-20 00:00:00+00:00,US,small,0,0,210000,245000,10,0.2903270117104636
891b5e2b,Personal services,2041-10-25 00:00:00+00:00,US,small,0,0,179700,179700,3,0.2903270117104636
2c6d2037,Personal services,2040-03-24 00:00:00+00:00,US,small,0,0,181800,181800,20,0.2903270117104636
c2901e44,Business services,2041-10-20 00:00:00+00:00,US,small,0,0,67500,333066,5,0.2903270117104636
c540789d,"Religion, politics & other memberships",2036-11-05 00:00:00+00:00,US,small,0,0,70000,70000,9,0.2903270117104636
b855c286,"Religion, politics & other memberships",2041-10-22 00:00:00+00:00,US,small,0,0,249900,499800,2,0.2903270117104636
7d9c1b4c,Business services,2037-02-20 00:00:00+00:00,US,small,0,0,500000,500000,1,0.2903270117104636
3c017d7d,Digital goods,2039-03-25 00:00:00+00:00,US,small,0,0,93415,93415,1,0.2903270117104636
e83ebd98,Cosmetics,2041-10-09 00:00:00+00:00,US,small,0,0,58000,58000,2,0.2903270117104636
fa3985ca,"Religion, politics & other memberships",2042-01-13 00:00:00+00:00,US,small,0,0,210000,210000,4,0.2903270117104636
695ecf9b,Others,2041-12-06 00:00:00+00:00,US,small,0,0,185000,185000,2,0.2903270117104636
1ad37069,Electronics,2040-03-11 00:00:00+00:00,US,small,0,0,426200,426200,3,0.2903270117104636
c49bf8e6,Business services,2042-01-06 00:00:00+00:00,US,small,0,0,65000,65000,2,0.2903270117104636
6fdaf160,Education,2040-10-28 00:00:00+00:00,US,small,0,0,126600,138299,9,0.2903270117104636
233bb579,Personal services,2041-09-27 00:00:00+00:00,US,small,0,0,70000,70000,2,0.2903270117104636
bab9af11,Others,2041-12-03 00:00:00+00:00,US,small,0,0,353433,353433,24,0.2903270117104636
01616cdb,Art & photography,2038-01-14 00:00:00+00:00,US,small,0,0,109960,123015,13,0.2903270117104636
fe206cc7,"Medical services, drugs, testing labs & equipment medium",2041-12-02 00:00:00+00:00,US,small,0,0,97500,97500,3,0.2903270117104636
bf9cae12,Personal services,2037-11-13 00:00:00+00:00,US,small,0,0,110000,349500,6,0.2903270117104636
576012dd,Business services,2041-12-02 00:00:00+00:00,US,small,0,0,329900,329900,5,0.2903270117104636
89a449bb,Others,2041-12-07 00:00:00+00:00,US,small,0,0,74815,110253,5,0.2903270117104636
9a859a91,Business services,2042-06-15 00:00:00+00:00,US,small,0,0,206000,206000,1,0.2903270117104636
529e48da,Business services,2041-08-26 00:00:00+00:00,US,small,0,0,100400,259900,5,0.2903270117104636
0afd24a7,Business services,2041-10-05 00:00:00+00:00,US,small,0,0,265000,265000,44,0.2903270117104636
854bb7a4,Education,2041-11-03 00:00:00+00:00,US,small,0,0,105000,105000,9,0.2903270117104636
a850ec9f,Business services,2041-11-05 00:00:00+00:00,US,small,0,0,350000,350000,1,0.2903270117104636
d273ef8f,Charity,2037-10-06 00:00:00+00:00,US,small,0,0,1000,1847366,119,0.2853575938261768
a3faa339,Charity,2032-01-31 00:00:00+00:00,US,small,0,711390,5500,65597190,260,0.2853575938261768
b6adb9a9,Charity,2037-08-15 00:00:00+00:00,US,medium,0,0,25000,2442958,163,0.2853575938261768
62323489,Business services,2039-03-20 00:00:00+00:00,US,small,0,0,29100,553200,17,0.28415360231038456
8d6a2088,Business services,2039-10-21 00:00:00+00:00,US,small,0,0,32000,3602821,152,0.28415360231038456
fa18d040,Business services,2041-12-08 00:00:00+00:00,US,small,0,24678,34687,42115488,187,0.28415360231038456
5f5ebf44,Business services,2034-01-06 00:00:00+00:00,US,small,0,0,1889,11954559,152,0.28415360231038456
edb05953,Business services,2040-02-07 00:00:00+00:00,US,small,0,0,3350,9936887,108,0.28415360231038456
c713dd62,Business services,2040-01-06 00:00:00+00:00,US,small,0,0,40000,10578028,35,0.28415360231038456
138d8a78,Business services,2042-03-03 00:00:00+00:00,US,small,0,0,50000,1408400,7,0.28415360231038456
60bec968,Business services,2041-11-07 00:00:00+00:00,US,small,0,17373801,9000,17553001,85,0.28415360231038456
8bb157a7,Business services,2040-09-08 00:00:00+00:00,US,small,0,0,29802,31922069,44,0.28415360231038456
8245e2fc,Business services,2040-10-19 00:00:00+00:00,US,small,0,0,22100,608274,21,0.28415360231038456
0a72d137,Clothing & accessory,2041-08-06 00:00:00+00:00,US,small,0,0,2206984,4511843,43,0.2804880389251393
f447e74a,Clothing & accessory,2034-12-29 00:00:00+00:00,US,small,0,0,890000,1328000,8,0.2804880389251393
e6192a8f,Clothing & accessory,2041-09-02 00:00:00+00:00,US,small,0,0,1546053,1546053,2,0.2804880389251393
b1657a1e,Clothing & accessory,2041-06-06 00:00:00+00:00,US,small,0,0,565000,677224,7,0.2804880389251393
6ea97295,Software,2038-08-08 00:00:00+00:00,US,small,0,0,0,3195000,7,0.2798456199933318
e83c611f,Software,2037-03-21 00:00:00+00:00,US,large,0,0,0,340476043,323,0.2798456199933318
afa71ea3,Software,2038-03-15 00:00:00+00:00,US,small,0,0,0,902800,2,0.2798456199933318
0cdd200a,Software,2039-10-30 00:00:00+00:00,US,small,0,0,0,1412318,41,0.2798456199933318
33180bad,Software,2037-01-15 00:00:00+00:00,US,small,0,0,0,869318,124,0.2798456199933318
d328abd8,Software,2039-12-16 00:00:00+00:00,US,small,0,0,0,26771653,418,0.2798456199933318
d62e4e7b,Software,2040-04-12 00:00:00+00:00,US,small,0,0,0,657000,48,0.2798456199933318
5ee74823,Software,2037-10-25 00:00:00+00:00,US,small,0,0,0,5504009,43,0.2798456199933318
ec0cb321,Software,2040-04-09 00:00:00+00:00,US,small,0,0,0,584697,16,0.2798456199933318
6db15270,Software,2037-11-24 00:00:00+00:00,US,small,0,0,0,155035107,418,0.2798456199933318
13a1691c,Software,2039-06-05 00:00:00+00:00,US,small,0,0,0,21027982,322,0.2798456199933318
29f2dd6f,Software,2042-05-02 00:00:00+00:00,US,small,0,0,0,9970000,2,0.2798456199933318
f43aaa0f,Software,2041-10-11 00:00:00+00:00,US,small,0,0,0,8483240,65,0.2798456199933318
e9a1167f,Software,2037-05-18 00:00:00+00:00,US,small,0,0,0,2665865,20,0.2798456199933318
19d938b6,Software,2041-09-30 00:00:00+00:00,US,small,0,1619834,0,97473275,191,0.2798456199933318
51d592dc,Software,2041-02-18 00:00:00+00:00,US,small,0,0,0,682700,21,0.2798456199933318
c99bda93,Software,2041-05-01 00:00:00+00:00,US,small,0,0,0,1201773,89,0.2798456199933318
b3ce03d4,Software,2039-05-06 00:00:00+00:00,US,small,0,0,0,11014998,11,0.2798456199933318
11e2fd38,Software,2039-08-24 00:00:00+00:00,US,small,0,3501000,0,3501000,39,0.2798456199933318
6c12ca55,Software,2040-04-11 00:00:00+00:00,US,small,0,0,0,5119280,79,0.2798456199933318
fcc3aeb1,Software,2039-09-23 00:00:00+00:00,US,small,0,0,0,4881250,125,0.2798456199933318
dee276d3,Software,2039-01-04 00:00:00+00:00,US,small,0,0,0,597500,8,0.2798456199933318
7af5c9b4,Software,2033-10-14 00:00:00+00:00,US,small,0,0,0,759600,59,0.2798456199933318
ba0240d9,Software,2037-05-17 00:00:00+00:00,US,small,0,0,0,65569270,50,0.2798456199933318
b9d38918,Software,2042-03-18 00:00:00+00:00,US,small,0,0,0,5299400,29,0.2798456199933318
f49f4dc2,Software,2038-07-02 00:00:00+00:00,US,small,0,0,0,77316321,269,0.2798456199933318
93c597b4,Software,2041-07-22 00:00:00+00:00,US,small,0,0,0,825000,3,0.2798456199933318
73f354b2,Software,2037-06-22 00:00:00+00:00,US,small,0,0,0,1029945,124,0.2798456199933318
4eb38931,Software,2036-02-02 00:00:00+00:00,US,small,0,0,0,3407668,69,0.2798456199933318
b6be1ba5,Software,2042-03-03 00:00:00+00:00,US,small,0,0,0,44657911,99,0.2798456199933318
72dca5b3,Software,2037-10-16 00:00:00+00:00,US,small,0,0,0,46841815,319,0.2798456199933318
740079ae,Software,2036-01-08 00:00:00+00:00,US,small,0,0,0,201146587,416,0.2798456199933318
afb3b688,Software,2033-09-05 00:00:00+00:00,US,small,0,0,0,170934014,408,0.2798456199933318
72ff810a,Software,2032-01-30 00:00:00+00:00,US,small,0,0,0,557642840,418,0.2798456199933318
e51afedb,Software,2037-08-01 00:00:00+00:00,US,small,0,0,0,847506278,418,0.2798456199933318
bdb6eaa5,Software,2041-10-05 00:00:00+00:00,US,small,0,0,17000,546636,35,0.2798456199933318
15f61630,Software,2032-05-27 00:00:00+00:00,US,small,0,0,0,115391804,418,0.2798456199933318
964c0924,Software,2034-01-17 00:00:00+00:00,US,small,0,0,0,1576300,43,0.2798456199933318
11f1600c,Software,2039-02-28 00:00:00+00:00,US,small,0,0,0,12160100,100,0.2798456199933318
b98c1079,Software,2032-10-12 00:00:00+00:00,US,small,0,0,0,12283500,293,0.2798456199933318
737b2aed,Software,2041-12-06 00:00:00+00:00,US,small,0,0,0,15815268,53,0.2798456199933318
9eb906f1,Software,2041-06-08 00:00:00+00:00,US,small,0,0,0,9292365,380,0.2798456199933318
f131125a,Software,2033-01-28 00:00:00+00:00,US,small,0,0,0,20539280,410,0.2798456199933318
46a0fd03,Software,2042-03-10 00:00:00+00:00,US,medium,0,0,0,3297370,18,0.2798456199933318
8d7ab9fe,Software,2037-10-18 00:00:00+00:00,US,small,0,0,0,3110584,66,0.2798456199933318
f5021c9b,Software,2040-06-19 00:00:00+00:00,US,small,0,3000,0,2053000,9,0.2798456199933318
4d14e1d6,Software,2040-11-20 00:00:00+00:00,US,small,0,22954990,17500,22977490,314,0.2798456199933318
18db30c9,Software,2040-11-27 00:00:00+00:00,US,small,0,0,0,6271906,17,0.2798456199933318
55c81290,Software,2037-05-01 00:00:00+00:00,US,small,0,0,0,1316077,65,0.2798456199933318
2a2ce77a,Software,2037-09-01 00:00:00+00:00,US,small,0,0,0,39422651,62,0.2798456199933318
427050f2,Software,2036-09-20 00:00:00+00:00,US,small,0,0,20000,2242568,38,0.2798456199933318
37fd4dd9,Software,2038-07-03 00:00:00+00:00,US,small,0,0,0,74511042,226,0.2798456199933318
3a1da47c,Software,2033-11-13 00:00:00+00:00,US,small,0,0,0,97947804,418,0.2798456199933318
f88ba508,Software,2037-06-09 00:00:00+00:00,US,small,0,0,0,7388787,367,0.2798456199933318
4c4923ee,Software,2037-11-09 00:00:00+00:00,US,small,0,0,0,6306638,170,0.2798456199933318
b071f208,Software,2037-01-31 00:00:00+00:00,US,small,0,0,0,1848501,46,0.2798456199933318
4f6ee215,Software,2039-01-02 00:00:00+00:00,US,small,0,0,0,1775684,164,0.2798456199933318
e6ac2aa5,Software,2041-10-29 00:00:00+00:00,US,small,0,0,0,50180425,107,0.2798456199933318
6d0decd6,Software,2034-11-18 00:00:00+00:00,US,small,0,0,0,7105391,237,0.2798456199933318
a41104ca,Software,2042-04-02 00:00:00+00:00,US,medium,0,0,0,1181268,76,0.2798456199933318
d790ebdf,Software,2037-08-11 00:00:00+00:00,US,medium,0,0,0,1363300,7,0.2798456199933318
3b18fa9a,Software,2041-04-24 00:00:00+00:00,US,small,0,0,0,8691335,395,0.2798456199933318
377a37fa,Software,2041-06-04 00:00:00+00:00,US,small,0,0,0,37027683,297,0.2798456199933318
9a81470c,Software,2041-10-16 00:00:00+00:00,US,medium,0,13941836,0,13941836,17,0.2798456199933318
fdd5a2d8,Software,2041-07-03 00:00:00+00:00,US,small,0,0,0,3294570,92,0.2798456199933318
424b6690,Software,2034-11-13 00:00:00+00:00,US,small,0,0,0,25523122,385,0.2798456199933318
80375215,Software,2037-03-16 00:00:00+00:00,US,small,0,0,0,850103,8,0.2798456199933318
50b5c6e5,Software,2039-02-26 00:00:00+00:00,US,small,0,0,0,3640000,412,0.2798456199933318
b74dd733,Software,2041-10-28 00:00:00+00:00,US,small,0,0,0,2372713,211,0.2798456199933318
8ef087ee,Software,2039-04-19 00:00:00+00:00,US,small,0,0,0,54470231,418,0.2798456199933318
3925fb90,Software,2035-01-08 00:00:00+00:00,US,small,0,0,0,33869790,227,0.2798456199933318
8ba3c647,Software,2039-05-24 00:00:00+00:00,US,small,0,0,0,972305,24,0.2798456199933318
c774f87d,Software,2039-01-24 00:00:00+00:00,US,small,0,0,0,183363884,353,0.2798456199933318
4b59361f,Software,2035-08-20 00:00:00+00:00,US,small,0,0,0,8492906,325,0.2798456199933318
5bef0fd7,Software,2035-01-20 00:00:00+00:00,US,small,0,0,0,6718661,397,0.2798456199933318
a3d1dd19,Software,2034-10-29 00:00:00+00:00,US,small,0,0,0,4913612,413,0.2798456199933318
826b6b83,Software,2034-09-18 00:00:00+00:00,US,small,0,0,0,4693900,383,0.2798456199933318
03027f34,Software,2040-12-02 00:00:00+00:00,US,small,0,0,0,26017400,28,0.2798456199933318
5357c2b4,Software,2034-09-04 00:00:00+00:00,US,small,0,0,0,15222496,402,0.2798456199933318
b50809ba,Software,2037-07-01 00:00:00+00:00,US,small,0,22426500,0,22426500,170,0.2798456199933318
c474e9c7,Software,2042-04-08 00:00:00+00:00,US,small,0,0,0,1571100,3,0.2798456199933318
1e82638c,Software,2039-05-03 00:00:00+00:00,US,small,0,0,0,1119713,20,0.2798456199933318
b7d47e82,Software,2037-09-29 00:00:00+00:00,US,small,0,0,0,2049875,7,0.2798456199933318
af42637e,Software,2040-09-11 00:00:00+00:00,US,small,0,0,0,61265802,353,0.2798456199933318
4f678930,Software,2037-09-13 00:00:00+00:00,US,small,0,0,0,1680000,16,0.2798456199933318
7c319c61,Software,2041-04-02 00:00:00+00:00,US,large,0,0,0,91255257,290,0.2798456199933318
79c43706,Software,2039-08-12 00:00:00+00:00,US,small,0,0,0,236002953,356,0.2798456199933318
c1c1f179,Software,2041-11-30 00:00:00+00:00,US,small,0,0,0,32666594,170,0.2798456199933318
a548c198,Software,2041-06-05 00:00:00+00:00,US,small,0,3937816,0,14475762,86,0.2798456199933318
f6732205,Software,2042-03-24 00:00:00+00:00,US,small,0,0,0,994160,6,0.2798456199933318
5ddc6c7d,Software,2033-12-30 00:00:00+00:00,US,small,0,0,0,3436350,280,0.2798456199933318
375aefd1,Software,2037-10-16 00:00:00+00:00,US,small,0,0,0,1365125,53,0.2798456199933318
3c313870,Software,2040-10-28 00:00:00+00:00,US,small,0,0,0,2318156,166,0.2798456199933318
3404cd7b,Software,2039-02-16 00:00:00+00:00,US,small,0,0,0,13345100,123,0.2798456199933318
1a519de1,Software,2039-10-22 00:00:00+00:00,US,small,0,0,0,5623843,351,0.2798456199933318
aa3711c8,Software,2040-08-31 00:00:00+00:00,US,small,0,0,0,596526,90,0.2798456199933318
b00345d7,Software,2036-04-13 00:00:00+00:00,US,small,0,0,0,20244400,166,0.2798456199933318
f7bce8a1,Software,2039-04-18 00:00:00+00:00,US,small,0,0,0,9406000,6,0.2798456199933318
2e28a13f,Software,2036-07-05 00:00:00+00:00,US,medium,0,0,0,459140241,352,0.2798456199933318
2e8a43a5,Software,2039-06-20 00:00:00+00:00,US,medium,0,0,0,5947508,125,0.2798456199933318
385a9e45,Software,2041-06-04 00:00:00+00:00,US,medium,0,0,0,44431969,164,0.2798456199933318
40595b3f,Software,2034-01-30 00:00:00+00:00,US,small,0,0,0,99552882,418,0.2798456199933318
ab05b4b7,Software,2040-08-27 00:00:00+00:00,US,small,0,0,0,25225556,323,0.2798456199933318
6c65b74c,Software,2036-11-07 00:00:00+00:00,US,small,0,0,0,2711830,14,0.2798456199933318
72ce279f,Software,2041-01-07 00:00:00+00:00,US,small,0,0,0,19858565,386,0.2798456199933318
879da0b7,Software,2039-03-10 00:00:00+00:00,US,small,0,0,0,752947,54,0.2798456199933318
af8a49b4,Software,2035-03-30 00:00:00+00:00,US,small,0,0,0,7096484,332,0.2798456199933318
403dd415,Software,2035-07-07 00:00:00+00:00,US,small,0,0,0,4339200,221,0.2798456199933318
e4c3df54,Software,2038-05-06 00:00:00+00:00,US,small,0,0,0,3786896,19,0.2798456199933318
3e8711b0,Software,2035-02-27 00:00:00+00:00,US,small,0,225000,0,21519500,414,0.2798456199933318
61abea06,Software,2039-07-01 00:00:00+00:00,US,small,0,0,0,24805227,331,0.2798456199933318
b646533b,Software,2034-02-05 00:00:00+00:00,US,medium,0,0,0,5103673,414,0.2798456199933318
74a13ffd,Software,2037-12-27 00:00:00+00:00,US,small,0,0,0,11511545,352,0.2798456199933318
84a12da9,Software,2038-09-26 00:00:00+00:00,US,small,0,0,0,1096355,70,0.2798456199933318
aeadaaca,Software,2036-06-20 00:00:00+00:00,US,medium,0,0,0,34536190,11,0.2798456199933318
f30d532f,Software,2041-08-25 00:00:00+00:00,US,small,0,0,0,4793070,59,0.2798456199933318
10f3da90,Software,2041-09-14 00:00:00+00:00,US,medium,0,0,0,324738420,156,0.2798456199933318
56e565cb,Software,2036-05-08 00:00:00+00:00,US,small,0,0,0,6564047,128,0.2798456199933318
754de4b4,Software,2034-05-01 00:00:00+00:00,US,small,0,0,0,7389500,109,0.2798456199933318
7e809a89,Software,2037-08-29 00:00:00+00:00,US,small,0,0,0,608723,7,0.2798456199933318
990e2b17,Software,2037-07-13 00:00:00+00:00,US,small,0,0,0,3623421,48,0.2798456199933318
75e198f9,Software,2041-01-29 00:00:00+00:00,US,small,0,0,0,3721700,31,0.2798456199933318
212b5134,Software,2040-10-12 00:00:00+00:00,US,small,0,0,23996,515499031,417,0.2798456199933318
bf3bb092,Software,2041-02-12 00:00:00+00:00,US,small,0,0,0,1916470,357,0.2798456199933318
7b465b0e,Software,2037-05-19 00:00:00+00:00,US,small,0,0,0,122119019,418,0.2798456199933318
254d7823,Software,2041-04-06 00:00:00+00:00,US,small,0,1956000,0,1956000,54,0.2798456199933318
df94d8f5,Software,2040-12-03 00:00:00+00:00,US,small,0,0,0,1113675,25,0.2798456199933318
ea2bff68,Software,2034-10-27 00:00:00+00:00,US,small,0,15390800,0,15390800,43,0.2798456199933318
421ddc55,Software,2041-12-15 00:00:00+00:00,US,small,0,0,0,3025567,8,0.2798456199933318
0c0e278b,Software,2037-06-08 00:00:00+00:00,US,small,0,0,0,2135000,9,0.2798456199933318
0dcfbf37,Software,2041-03-31 00:00:00+00:00,US,small,0,0,0,3903020,43,0.2798456199933318
ea942380,Software,2041-03-01 00:00:00+00:00,US,small,0,0,0,3644000,116,0.2798456199933318
31594f04,Software,2037-12-20 00:00:00+00:00,US,small,0,0,0,3189400,25,0.2798456199933318
db70da2e,Software,2036-10-03 00:00:00+00:00,US,medium,0,0,0,1330983,179,0.2798456199933318
ef473e9c,Software,2041-08-14 00:00:00+00:00,US,small,0,0,0,4286000,62,0.2798456199933318
bb4a8f08,Software,2040-11-24 00:00:00+00:00,US,small,0,0,0,39196000,16,0.2798456199933318
d69be7d9,Software,2040-12-21 00:00:00+00:00,US,small,0,0,0,15057248,48,0.2798456199933318
f4a83f2f,Software,2041-05-10 00:00:00+00:00,US,small,0,0,49700,14349722,329,0.2798456199933318
a21f21e4,Software,2041-04-26 00:00:00+00:00,US,small,0,0,0,600000,5,0.2798456199933318
d90f6473,Software,2041-08-12 00:00:00+00:00,US,medium,0,0,0,51969622,85,0.2798456199933318
708300b9,Software,2036-07-20 00:00:00+00:00,US,small,0,0,0,31480900,412,0.2798456199933318
a331a2f3,Software,2038-06-01 00:00:00+00:00,US,small,0,0,0,3405056,8,0.2798456199933318
20b26d1f,Software,2038-03-31 00:00:00+00:00,US,small,0,0,0,558426,16,0.2798456199933318
937a72a3,Software,2042-01-25 00:00:00+00:00,US,small,0,0,0,722100,80,0.2798456199933318
e72104d4,Software,2040-07-02 00:00:00+00:00,US,small,0,0,0,608817,21,0.2798456199933318
93a456fb,Software,2034-05-26 00:00:00+00:00,US,small,0,0,0,4852926,6,0.2798456199933318
ab11c2de,Software,2041-01-28 00:00:00+00:00,US,small,0,1853800,0,1853800,83,0.2798456199933318
0678d5f2,Software,2039-07-01 00:00:00+00:00,US,small,0,0,0,4918768,47,0.2798456199933318
1bd0170f,Software,2041-02-17 00:00:00+00:00,US,small,0,0,0,5144419,56,0.2798456199933318
1813f589,Software,2041-09-28 00:00:00+00:00,US,medium,0,0,0,1308200,10,0.2798456199933318
