merchant,industry,first_charge_date,country,business_size,subscription_volume,checkout_volume,payment_link_volume,total_volume,active_days,avg_daily_volume
a0b36c15,Consulting services,2038-10-31 00:00:00+00:00,AU,small,0,0,0,6810304784,418,16292595.177033493
42c99742,Software,0,HK,large,0,0,0,3570505283,418,8541878.667464115
c9d5c653,Software,2040-12-07 00:00:00+00:00,DE,medium,0,0,0,2707465539,418,6477190.284688995
c19f51f6,Digital goods,2039-01-18 00:00:00+00:00,US,small,0,0,0,1486960775,418,3557322.428229665
e2df5adf,Software,2039-09-17 00:00:00+00:00,US,medium,0,0,85971,998138565,418,2387891.3038277514
b3b86d1c,"Religion, politics & other memberships",2041-12-03 00:00:00+00:00,NZ,large,0,0,0,980131233,195,5026314.015384615
e51afedb,Software,2037-08-01 00:00:00+00:00,US,small,0,0,0,847506278,418,2027526.980861244
5ffd89dc,Software,2037-03-31 00:00:00+00:00,JP,small,0,0,0,844638502,418,2020666.2727272727
5d03e714,Education,2032-02-13 00:00:00+00:00,US,medium,0,0,0,821893288,416,1975705.0192307692
706816ed,"Religion, politics & other memberships",2033-12-06 00:00:00+00:00,US,small,0,0,0,682578855,410,1664826.475609756
cebc2fe1,Software,2035-02-03 00:00:00+00:00,NO,small,0,0,0,607174032,418,1452569.4545454546
ab890044,Software,2038-10-31 00:00:00+00:00,US,large,0,0,0,584923150,311,1880781.8327974277
72ff810a,Software,2032-01-30 00:00:00+00:00,US,small,0,0,0,557642840,418,1334073.7799043062
4332c887,Education,2034-03-25 00:00:00+00:00,US,medium,0,0,0,524408756,218,2405544.752293578
212b5134,Software,2040-10-12 00:00:00+00:00,US,small,0,0,23996,515499031,417,1236208.7074340528
59940bbf,Software,2037-04-25 00:00:00+00:00,FR,small,0,0,0,497360722,91,5465502.439560439
aa97aed9,Software,2036-11-03 00:00:00+00:00,US,small,0,0,0,467387896,385,1213994.535064935
2e28a13f,Software,2036-07-05 00:00:00+00:00,US,medium,0,0,0,459140241,352,1304375.6846590908
77bace1e,Education,2039-07-09 00:00:00+00:00,GB,medium,0,295782198,0,407596020,198,2058565.7575757576
5b968095,Education,2038-02-06 00:00:00+00:00,US,small,0,0,0,393512168,418,941416.6698564594
efd5895e,Education,2035-03-30 00:00:00+00:00,US,small,0,0,0,365565877,418,874559.514354067
e83c611f,Software,2037-03-21 00:00:00+00:00,US,large,0,0,0,340476043,323,1054105.3962848298
4e10a67b,Education,2039-05-28 00:00:00+00:00,SG,small,0,333435951,0,335123061,418,801729.8110047847
a420408b,Software,2038-10-31 00:00:00+00:00,JP,medium,0,0,0,325207372,79,4116549.0126582277
10f3da90,Software,2041-09-14 00:00:00+00:00,US,medium,0,0,0,324738420,156,2081656.5384615385
54dbcd1a,Education,2036-08-17 00:00:00+00:00,US,small,0,0,0,314235395,418,751759.3181818182
b48d72d6,"Religion, politics & other memberships",0,IE,small,0,0,0,297407283,69,4310250.478260869
836f3ecb,Education,2040-07-01 00:00:00+00:00,US,small,0,0,0,260566517,314,829829.6719745223
46aeea4a,Education,2041-03-22 00:00:00+00:00,CA,medium,0,0,0,245685362,407,603649.5380835381
79c43706,Software,2039-08-12 00:00:00+00:00,US,small,0,0,0,236002953,356,662929.6432584269
60e0566c,Education,2039-08-13 00:00:00+00:00,GB,small,0,0,0,221583632,417,531375.6163069544
58b2419b,Digital goods,2040-02-21 00:00:00+00:00,FR,small,0,0,0,213750338,406,526478.6650246305
c23508fd,"Religion, politics & other memberships",2040-12-10 00:00:00+00:00,IE,large,0,0,0,211091135,177,1192605.2824858758
0ed31057,Digital goods,2036-05-10 00:00:00+00:00,US,small,0,0,0,206176135,194,1062763.5824742268
0c1e4890,Education,2034-05-11 00:00:00+00:00,US,medium,0,0,0,204459311,418,489137.1076555024
740079ae,Software,2036-01-08 00:00:00+00:00,US,small,0,0,0,201146587,416,483525.44951923075
f6c4f989,Software,2038-07-13 00:00:00+00:00,GB,medium,0,9251581,0,193538744,418,463011.34928229667
05dd0a9e,Education,2036-06-01 00:00:00+00:00,US,small,0,0,0,184224326,418,440728.05263157893
c774f87d,Software,2039-01-24 00:00:00+00:00,US,small,0,0,0,183363884,353,519444.43059490086
0fbc3581,Education,2040-07-06 00:00:00+00:00,US,small,0,0,0,171421597,418,410099.514354067
afb3b688,Software,2033-09-05 00:00:00+00:00,US,small,0,0,0,170934014,408,418955.9166666667
a5a6c32b,Digital goods,2040-02-25 00:00:00+00:00,US,small,0,18360682,0,169458920,402,421539.60199004976
6db15270,Software,2037-11-24 00:00:00+00:00,US,small,0,0,0,155035107,418,370897.3851674641
b8669283,Software,2040-07-18 00:00:00+00:00,GB,small,0,0,0,154995000,418,370801.43540669855
238fe853,Software,2037-08-22 00:00:00+00:00,US,small,0,0,0,151289265,129,1172785.0
34ecbf97,"Religion, politics & other memberships",2041-01-18 00:00:00+00:00,AT,small,0,144922761,0,144922761,342,423750.7631578947
140dd326,"Religion, politics & other memberships",2038-05-28 00:00:00+00:00,CA,small,0,0,0,143207446,393,364395.5368956743
bed46800,Software,2037-08-02 00:00:00+00:00,HK,small,0,0,0,130585601,415,314664.09879518073
dd62d56a,Education,2037-05-11 00:00:00+00:00,US,small,0,0,0,125055785,418,299176.519138756
eade98b4,"Religion, politics & other memberships",2037-08-14 00:00:00+00:00,DE,small,0,0,0,123851354,418,296295.1052631579
7b465b0e,Software,2037-05-19 00:00:00+00:00,US,small,0,0,0,122119019,418,292150.7631578947
3fac2bf2,Education,2041-04-09 00:00:00+00:00,ES,small,0,0,0,115627789,239,483798.280334728
15f61630,Software,2032-05-27 00:00:00+00:00,US,small,0,0,0,115391804,418,276056.94736842107
f881b980,Software,2041-05-20 00:00:00+00:00,US,small,0,16191990,596532,108301512,397,272799.7783375315
01f9bf03,Digital goods,2040-11-08 00:00:00+00:00,US,small,0,108130831,0,108138070,418,258703.51674641148
3092d518,Software,2037-02-14 00:00:00+00:00,CA,small,0,0,0,104489907,373,280133.79892761394
40595b3f,Software,2034-01-30 00:00:00+00:00,US,small,0,0,0,99552882,418,238164.7894736842
3a1da47c,Software,2033-11-13 00:00:00+00:00,US,small,0,0,0,97947804,418,234324.8899521531
19d938b6,Software,2041-09-30 00:00:00+00:00,US,small,0,1619834,0,97473275,191,510331.2827225131
fe73a654,Software,2038-11-12 00:00:00+00:00,FR,large,0,0,0,93450503,418,223565.7966507177
b75b2401,Education,2038-11-14 00:00:00+00:00,US,small,0,0,0,92187069,294,313561.4591836735
7c319c61,Software,2041-04-02 00:00:00+00:00,US,large,0,0,0,91255257,290,314673.3
322f8768,Digital goods,2040-07-09 00:00:00+00:00,DE,medium,0,0,0,90266884,418,215949.48325358852
bd77f9cb,Education,2039-11-06 00:00:00+00:00,JP,medium,0,0,0,85878740,340,252584.5294117647
937b993c,Digital goods,2041-11-09 00:00:00+00:00,SE,small,0,85874200,0,85874200,131,655528.2442748091
843ea75f,"Religion, politics & other memberships",2041-01-13 00:00:00+00:00,US,small,0,0,0,85044750,207,410844.2028985507
46aa62ac,Education,2035-06-22 00:00:00+00:00,DE,small,0,84460441,0,84460441,418,202058.47129186604
276acfab,Digital goods,2038-01-31 00:00:00+00:00,GB,small,0,0,0,83148038,418,198918.75119617226
e897e85b,Insurance,2039-01-18 00:00:00+00:00,US,small,0,0,3543556,82507725,210,392893.9285714286
f8d55154,Education,2037-12-24 00:00:00+00:00,US,small,0,0,0,81612710,243,335854.7736625514
100afc6e,"Religion, politics & other memberships",2040-01-30 00:00:00+00:00,US,small,0,10450000,41419340,80794340,128,631205.78125
cd47fb32,Software,2041-02-19 00:00:00+00:00,EE,small,0,77770000,0,77770000,203,383103.4482758621
f49f4dc2,Software,2038-07-02 00:00:00+00:00,US,small,0,0,0,77316321,269,287421.26765799255
7e9ca1d7,Software,2040-06-18 00:00:00+00:00,GB,medium,0,0,0,77019831,339,227197.14159292035
37fd4dd9,Software,2038-07-03 00:00:00+00:00,US,small,0,0,0,74511042,226,329694.8761061947
4d7998ae,Education,2040-07-01 00:00:00+00:00,US,small,0,73599550,0,73599550,312,235895.9935897436
9aa94e0d,Digital goods,2041-03-04 00:00:00+00:00,US,small,0,0,0,72788550,408,178403.3088235294
2d161119,Education,2037-04-19 00:00:00+00:00,CA,small,0,0,0,72685126,387,187816.8630490956
4b6357b5,Software,2039-01-02 00:00:00+00:00,US,small,0,0,0,70963099,123,576935.7642276423
98d1e867,Digital goods,2039-12-27 00:00:00+00:00,US,small,0,0,0,69337827,313,221526.6038338658
a0a57ca4,Digital goods,2040-04-17 00:00:00+00:00,US,small,0,15656735,37759680,68086070,194,350959.1237113402
1a020b7d,"Religion, politics & other memberships",2038-08-23 00:00:00+00:00,US,small,0,0,0,66947210,418,160160.7894736842
d7324d31,Software,2039-02-09 00:00:00+00:00,JP,small,0,0,0,66219261,319,207583.89028213167
ba0240d9,Software,2037-05-17 00:00:00+00:00,US,small,0,0,0,65569270,50,1311385.4
6e3bb539,Education,2034-06-26 00:00:00+00:00,GB,small,0,0,0,64865051,414,156678.86714975844
840739b4,Education,2040-02-24 00:00:00+00:00,CA,small,0,0,0,64812467,418,155053.74880382774
4536f8d5,Software,2039-12-05 00:00:00+00:00,CA,small,0,45093066,0,64255590,418,153721.5071770335
e15b9907,Education,2039-08-06 00:00:00+00:00,GB,small,0,0,0,64071841,362,176994.0359116022
181238c7,Digital goods,2038-09-07 00:00:00+00:00,US,small,0,0,0,62130457,282,220320.7695035461
af42637e,Software,2040-09-11 00:00:00+00:00,US,small,0,0,0,61265802,353,173557.51274787536
44d25381,Digital goods,2041-02-11 00:00:00+00:00,AU,small,0,53038700,7502430,60541130,418,144835.23923444975
b37646ea,Education,2040-12-19 00:00:00+00:00,IE,small,0,10488798,40656112,59978888,332,180659.3012048193
fe121b51,Digital goods,2040-06-07 00:00:00+00:00,US,small,0,59274250,0,59958250,350,171309.2857142857
0cccbed3,Education,2039-01-12 00:00:00+00:00,HK,small,0,0,320000,59614545,418,142618.52870813396
e45d3e44,"Religion, politics & other memberships",2034-09-12 00:00:00+00:00,US,large,0,0,0,58787800,251,234214.34262948207
aee2bb1f,Education,2038-05-04 00:00:00+00:00,CA,small,0,0,1491500,57777253,360,160492.36944444446
d58b1f19,Software,2040-07-03 00:00:00+00:00,RO,small,0,55417870,0,55417870,413,134183.70460048426
37884084,Digital goods,2037-07-25 00:00:00+00:00,GB,small,0,0,0,55209554,418,132080.27272727274
7ca2a7f9,Software,2039-07-17 00:00:00+00:00,CA,small,0,0,0,54609858,45,1213552.4
8ef087ee,Software,2039-04-19 00:00:00+00:00,US,small,0,0,0,54470231,418,130311.55741626794
285bd243,Software,2037-03-17 00:00:00+00:00,FR,small,0,0,0,54121694,87,622088.4367816092
21173d8d,Software,2037-03-05 00:00:00+00:00,AU,small,0,0,0,53431767,418,127827.19377990431
8e3bde9d,Software,2037-06-09 00:00:00+00:00,FR,small,0,0,0,53266192,398,133834.65326633165
a7d13e38,Digital goods,2041-01-11 00:00:00+00:00,GB,small,0,0,0,52494977,261,201130.18007662834
109b29cf,"Religion, politics & other memberships",2040-07-23 00:00:00+00:00,US,medium,0,0,0,52390000,199,263266.33165829146
13613273,Digital goods,2042-01-21 00:00:00+00:00,US,small,0,0,0,52111040,40,1302776.0
d90f6473,Software,2041-08-12 00:00:00+00:00,US,medium,0,0,0,51969622,85,611407.3176470589
e6ac2aa5,Software,2041-10-29 00:00:00+00:00,US,small,0,0,0,50180425,107,468975.9345794392
27782163,Software,2036-06-19 00:00:00+00:00,US,small,0,0,0,48627411,418,116333.51913875598
35b7957a,Digital goods,2040-12-04 00:00:00+00:00,JP,small,0,0,0,48063770,375,128170.05333333333
d2ecd931,Education,2040-02-12 00:00:00+00:00,GB,small,0,0,1592675,47369045,144,328951.7013888889
469b1a9c,Education,2036-04-05 00:00:00+00:00,CA,small,0,0,0,46886512,395,118700.03037974684
72dca5b3,Software,2037-10-16 00:00:00+00:00,US,small,0,0,0,46841815,319,146839.54545454544
757fd69a,Software,2041-12-06 00:00:00+00:00,US,small,0,0,46505552,46505552,58,801819.8620689656
8f3c9685,Software,2041-02-25 00:00:00+00:00,IT,small,0,46099427,1567,46100994,370,124597.28108108108
20a75b68,Digital goods,2039-07-12 00:00:00+00:00,US,small,0,0,0,45991894,418,110028.45454545454
abc00067,"Religion, politics & other memberships",2036-07-21 00:00:00+00:00,ES,small,0,0,0,44757129,300,149190.43
b6be1ba5,Software,2042-03-03 00:00:00+00:00,US,small,0,0,0,44657911,99,451090.0101010101
c7bd19d1,Digital goods,2040-08-11 00:00:00+00:00,BR,small,0,5902400,38600000,44503400,201,221409.9502487562
385a9e45,Software,2041-06-04 00:00:00+00:00,US,medium,0,0,0,44431969,164,270926.64024390245
9535b26b,Digital goods,2041-05-09 00:00:00+00:00,GB,small,0,0,0,44037950,409,107672.24938875306
055a215f,Digital goods,2041-06-28 00:00:00+00:00,US,medium,0,0,0,43085335,28,1538761.9642857143
0c94cbe0,Education,2042-03-02 00:00:00+00:00,US,small,0,0,0,41985000,90,466500.0
7f7757cc,Digital goods,2040-09-24 00:00:00+00:00,SE,small,0,0,0,41364583,286,144631.4090909091
9ceeb362,Software,2034-03-14 00:00:00+00:00,GB,small,0,0,0,40904986,414,98804.31400966183
9bc49800,Software,2035-03-23 00:00:00+00:00,GB,small,0,0,0,40334193,418,96493.28468899522
839e648a,Education,2040-07-03 00:00:00+00:00,IT,small,0,0,0,39998393,204,196070.55392156861
422139fe,Software,2039-02-21 00:00:00+00:00,CA,small,0,0,0,39885258,137,291133.2700729927
cb83d561,Software,2041-02-03 00:00:00+00:00,FR,small,0,0,0,39470629,418,94427.34210526316
2a2ce77a,Software,2037-09-01 00:00:00+00:00,US,small,0,0,0,39422651,62,635849.2096774194
14848e2d,Digital goods,2041-09-13 00:00:00+00:00,GB,large,0,0,529016,39376983,54,729203.3888888889
bb4a8f08,Software,2040-11-24 00:00:00+00:00,US,small,0,0,0,39196000,16,2449750.0
fe2c1c31,Consulting services,2036-06-15 00:00:00+00:00,GB,small,0,0,0,38355844,403,95175.79156327543
a10b5342,Digital goods,2038-09-07 00:00:00+00:00,US,small,0,0,0,37354400,399,93620.05012531328
377a37fa,Software,2041-06-04 00:00:00+00:00,US,small,0,0,0,37027683,297,124672.33333333333
8b8858d2,Digital goods,2041-03-11 00:00:00+00:00,GB,small,0,36480398,0,36561028,418,87466.57416267942
94d9f566,Education,2039-04-29 00:00:00+00:00,US,small,0,0,0,36194091,392,92331.86479591837
1d0c0906,Software,2040-05-19 00:00:00+00:00,US,medium,0,0,0,35967908,271,132722.90774907748
8d50356b,"Religion, politics & other memberships",2034-06-02 00:00:00+00:00,US,small,0,0,0,35439500,232,152756.4655172414
bbf1d1f0,Software,2040-09-28 00:00:00+00:00,GB,medium,0,21927662,0,34978706,123,284379.72357723577
aeadaaca,Software,2036-06-20 00:00:00+00:00,US,medium,0,0,0,34536190,11,3139653.6363636362
b0385074,"Religion, politics & other memberships",2036-02-17 00:00:00+00:00,US,small,0,0,0,34111592,354,96360.42937853107
f28a2f68,"Religion, politics & other memberships",2040-11-28 00:00:00+00:00,GB,small,0,0,0,33913025,405,83735.86419753087
3925fb90,Software,2035-01-08 00:00:00+00:00,US,small,0,0,0,33869790,227,149206.12334801763
0076b5fd,Digital goods,2039-11-07 00:00:00+00:00,CA,small,0,0,0,33360462,306,109021.11764705883
496f625e,"Religion, politics & other memberships",2040-03-27 00:00:00+00:00,US,small,0,0,0,32707500,401,81564.83790523691
c1c1f179,Software,2041-11-30 00:00:00+00:00,US,small,0,0,0,32666594,170,192156.43529411763
e20d3ab9,Digital goods,2041-10-13 00:00:00+00:00,GB,small,0,23255385,0,32449130,21,1545196.6666666667
7222ac05,Software,2036-11-18 00:00:00+00:00,GB,small,0,31947644,0,31947644,231,138301.4891774892
c7bb2ea4,Software,2039-06-23 00:00:00+00:00,DE,small,0,0,0,31491265,386,81583.58808290155
708300b9,Software,2036-07-20 00:00:00+00:00,US,small,0,0,0,31480900,412,76409.95145631068
c782b4fb,Digital goods,2037-12-26 00:00:00+00:00,US,small,0,0,0,30825600,259,119017.76061776062
187c2564,Software,2036-12-15 00:00:00+00:00,JP,small,0,0,0,30616379,378,80995.71164021164
428e3905,Digital goods,2041-06-04 00:00:00+00:00,SG,medium,0,0,0,30450898,146,208567.79452054793
c68cee71,Education,2041-03-01 00:00:00+00:00,ES,small,0,16497004,0,30325490,321,94471.93146417446
d992fe3e,"Religion, politics & other memberships",2041-03-02 00:00:00+00:00,US,small,0,0,0,30295866,250,121183.464
9ed23330,"Religion, politics & other memberships",2041-03-15 00:00:00+00:00,US,medium,0,0,0,30142900,137,220021.1678832117
64eda476,Software,2037-05-02 00:00:00+00:00,GB,small,0,0,0,30091098,408,73752.69117647059
6ffdfb75,"Religion, politics & other memberships",2041-10-07 00:00:00+00:00,GB,medium,0,9874208,19843840,29718048,121,245603.70247933886
42a4fa8d,Digital goods,2037-03-25 00:00:00+00:00,CH,small,0,0,0,29146507,418,69728.48564593302
367c7312,Software,2041-04-21 00:00:00+00:00,CA,small,0,0,0,29089668,59,493045.22033898305
555af430,Software,2039-01-23 00:00:00+00:00,FR,small,0,0,0,28940472,297,97442.66666666667
0389887c,Software,2041-10-15 00:00:00+00:00,GB,small,0,0,0,28661918,51,561998.3921568628
b95c85c3,Education,2037-11-18 00:00:00+00:00,US,small,0,0,1000,28214300,126,223923.0158730159
45e10a86,Digital goods,2039-05-24 00:00:00+00:00,AU,small,0,0,0,28200284,417,67626.58033573141
6b07643e,Digital goods,2041-08-04 00:00:00+00:00,PL,small,0,0,1213859,28156547,265,106251.12075471698
8cbbdef2,"Religion, politics & other memberships",2034-10-24 00:00:00+00:00,US,small,0,0,0,27760250,169,164261.83431952662
056e6639,Digital goods,2038-09-26 00:00:00+00:00,GB,small,0,0,0,27715974,415,66785.47951807229
e52942b0,Software,2037-06-16 00:00:00+00:00,US,small,0,0,570200,27406840,415,66040.578313253
fe9fd79d,Education,2036-07-16 00:00:00+00:00,AU,small,0,0,0,26829229,407,65919.48157248157
d328abd8,Software,2039-12-16 00:00:00+00:00,US,small,0,0,0,26771653,418,64047.016746411486
a9c01249,Education,2037-06-02 00:00:00+00:00,IE,small,0,0,0,26068762,349,74695.59312320917
03027f34,Software,2040-12-02 00:00:00+00:00,US,small,0,0,0,26017400,28,929192.8571428572
56860d6e,Software,2034-08-12 00:00:00+00:00,GB,small,0,0,0,25541080,405,63064.39506172839
424b6690,Software,2034-11-13 00:00:00+00:00,US,small,0,0,0,25523122,385,66293.82337662338
f0803ece,Digital goods,2038-09-24 00:00:00+00:00,AU,small,0,1051762,0,25256849,367,68819.75204359673
ab05b4b7,Software,2040-08-27 00:00:00+00:00,US,small,0,0,0,25225556,323,78097.69659442724
04e2fa59,Digital goods,2036-10-23 00:00:00+00:00,DE,small,0,0,0,25043608,413,60638.27602905569
4ff146ce,"Religion, politics & other memberships",2041-05-31 00:00:00+00:00,US,small,0,0,0,25043103,373,67139.68632707775
61abea06,Software,2039-07-01 00:00:00+00:00,US,small,0,0,0,24805227,331,74940.26283987916
e539e437,Education,2041-06-02 00:00:00+00:00,US,small,0,0,0,24765000,123,201341.46341463414
9dd8d762,Software,2040-07-08 00:00:00+00:00,CY,small,0,0,0,24618226,418,58895.27751196172
c16d261a,Software,2038-08-22 00:00:00+00:00,JP,small,0,0,3618,24509713,211,116159.77725118483
cde25e5c,"Religion, politics & other memberships",2040-09-09 00:00:00+00:00,US,medium,0,0,0,24380050,36,677223.6111111111
cb1be9c7,Education,2033-08-10 00:00:00+00:00,US,small,0,0,0,24319400,237,102613.50210970464
832508b1,Education,2037-06-14 00:00:00+00:00,US,medium,0,0,0,24093700,69,349184.05797101447
9a06d9c2,Software,2041-02-09 00:00:00+00:00,US,small,0,0,0,24040000,16,1502500.0
d6655910,"Religion, politics & other memberships",2036-05-20 00:00:00+00:00,US,small,0,0,0,23779348,329,72277.65349544073
25d52aae,"Religion, politics & other memberships",2041-04-20 00:00:00+00:00,CA,small,0,0,0,23766506,121,196417.40495867768
445cce1e,Software,2038-02-27 00:00:00+00:00,CA,medium,0,0,0,23438050,96,244146.35416666666
3a3dab09,Digital goods,2041-01-19 00:00:00+00:00,GB,small,0,0,0,23414955,321,72943.78504672897
37680d54,"Religion, politics & other memberships",2038-06-16 00:00:00+00:00,CA,small,0,0,0,23332500,158,147674.05063291139
4d14e1d6,Software,2040-11-20 00:00:00+00:00,US,small,0,22954990,17500,22977490,314,73176.71974522293
46466fe5,Education,2036-03-03 00:00:00+00:00,US,small,0,0,0,22972174,409,56166.68459657702
c6e2a549,Education,2040-10-05 00:00:00+00:00,CH,small,0,0,0,22932053,92,249261.44565217392
37cd1813,"Religion, politics & other memberships",2034-07-17 00:00:00+00:00,AU,small,0,0,0,22927402,399,57462.160401002504
495ae81c,"Religion, politics & other memberships",2038-02-20 00:00:00+00:00,US,small,0,0,0,22904950,129,177557.7519379845
aa690212,"Religion, politics & other memberships",2034-08-10 00:00:00+00:00,US,small,0,0,0,22714600,235,96657.87234042553
83735175,Digital goods,2040-01-29 00:00:00+00:00,SE,small,0,22687211,0,22687211,412,55066.046116504855
b50809ba,Software,2037-07-01 00:00:00+00:00,US,small,0,22426500,0,22426500,170,131920.58823529413
a68b5e1e,Education,2038-07-18 00:00:00+00:00,US,small,0,0,0,22087695,132,167331.02272727274
d9609429,Software,2041-11-23 00:00:00+00:00,CY,small,0,0,2636471,22064162,186,118624.52688172043
313c3196,Education,2037-03-13 00:00:00+00:00,AU,small,0,0,0,22022718,333,66134.28828828828
82432ae8,Education,2034-03-06 00:00:00+00:00,US,small,0,0,0,21919100,311,70479.42122186495
dadc37be,"Religion, politics & other memberships",2041-04-08 00:00:00+00:00,CA,small,0,0,0,21781653,251,86779.49402390438
1ced0b8b,Education,2035-11-30 00:00:00+00:00,US,small,0,0,0,21582310,68,317386.9117647059
4db481fd,Education,2033-07-10 00:00:00+00:00,US,small,0,8746205,0,21558169,304,70915.02960526316
3e8711b0,Software,2035-02-27 00:00:00+00:00,US,small,0,225000,0,21519500,414,51979.46859903382
b599c247,Software,2036-03-02 00:00:00+00:00,CA,small,0,0,0,21333612,411,51906.598540145984
6e0adec8,"Religion, politics & other memberships",2038-05-01 00:00:00+00:00,AU,small,0,0,0,21180616,373,56784.493297587134
9c4c916a,Education,2041-05-17 00:00:00+00:00,US,small,0,0,0,21165375,71,298103.8732394366
cd131e8f,Education,2041-08-16 00:00:00+00:00,CA,small,0,0,0,21160097,47,450214.829787234
27c8211b,Software,2040-12-01 00:00:00+00:00,IT,medium,0,0,0,21103010,412,51220.898058252424
22d27a19,"Religion, politics & other memberships",2041-03-07 00:00:00+00:00,AU,small,0,21093200,0,21093200,418,50462.2009569378
13a1691c,Software,2039-06-05 00:00:00+00:00,US,small,0,0,0,21027982,322,65304.29192546584
b0d7a9af,Education,2041-01-28 00:00:00+00:00,IN,large,0,12032057,68866,20707993,402,51512.42039800995
f131125a,Software,2033-01-28 00:00:00+00:00,US,small,0,0,0,20539280,410,50095.80487804878
a3a9b91e,"Religion, politics & other memberships",2037-01-30 00:00:00+00:00,US,small,0,0,0,20491350,187,109579.41176470589
7af41345,Education,2039-11-22 00:00:00+00:00,GB,small,0,20435788,0,20435788,331,61739.54078549849
117f23c8,Software,2035-01-22 00:00:00+00:00,DK,small,0,20159791,0,20383829,160,127398.93125
b00345d7,Software,2036-04-13 00:00:00+00:00,US,small,0,0,0,20244400,166,121954.21686746988
72ce279f,Software,2041-01-07 00:00:00+00:00,US,small,0,0,0,19858565,386,51447.05958549223
47831228,"Religion, politics & other memberships",2042-02-04 00:00:00+00:00,GB,small,0,0,0,19836492,100,198364.92
10b0a7c3,Software,2036-10-01 00:00:00+00:00,AU,small,0,0,0,19668853,45,437085.6222222222
961269,Digital goods,2040-08-08 00:00:00+00:00,FR,small,0,0,0,19652556,400,49131.39
7c67e504,Education,2039-05-21 00:00:00+00:00,IT,small,0,0,0,19638444,43,456708.0
cffd0b40,Education,2038-01-19 00:00:00+00:00,GB,small,0,0,0,19526939,116,168335.68103448275
bc83b45d,"Religion, politics & other memberships",2035-06-08 00:00:00+00:00,US,small,0,0,0,19459908,148,131485.86486486485
0d753d5f,Digital goods,2036-08-05 00:00:00+00:00,US,small,0,0,0,19260620,380,50685.84210526316
d254d9e0,"Religion, politics & other memberships",2041-05-27 00:00:00+00:00,US,small,0,0,0,19202394,13,1477107.2307692308
64964929,Digital goods,2041-04-10 00:00:00+00:00,US,small,0,0,394525,19138011,275,69592.76727272727
1bdb6fcc,Digital goods,2038-10-02 00:00:00+00:00,US,small,0,0,0,19049455,372,51208.2123655914
97cdef08,Digital goods,2039-10-15 00:00:00+00:00,AU,small,0,0,0,18991739,297,63945.24915824916
228b0a36,Education,2041-09-10 00:00:00+00:00,US,small,0,0,0,18655413,82,227505.03658536586
11a9f56c,Education,2036-08-01 00:00:00+00:00,US,small,0,0,0,18484700,303,61005.610561056106
cee422ed,Digital goods,2041-06-03 00:00:00+00:00,CA,small,0,0,0,18465740,62,297834.51612903224
bbee1ccb,Digital goods,2038-12-22 00:00:00+00:00,GB,small,0,0,0,17901882,95,188440.86315789472
0cca4a02,Education,2039-04-15 00:00:00+00:00,CA,small,0,0,0,17817481,274,65027.30291970803
2bddbebe,Software,2033-10-31 00:00:00+00:00,GB,small,0,7882807,0,17763070,379,46868.25857519789
c00aa0e8,Education,2039-07-23 00:00:00+00:00,GB,small,0,0,0,17583594,81,217081.40740740742
40a57bf9,Education,2038-06-04 00:00:00+00:00,GB,small,0,15475525,106476,17534654,240,73061.05833333333
5be68c24,Digital goods,2039-04-01 00:00:00+00:00,NL,small,0,0,44717,17193250,143,120232.51748251748
661270c3,Education,2039-03-16 00:00:00+00:00,US,small,0,0,0,16877000,380,44413.15789473684
074c2440,"Religion, politics & other memberships",2041-04-20 00:00:00+00:00,US,medium,0,16791100,0,16791100,176,95403.97727272728
f831a63b,Education,2037-11-23 00:00:00+00:00,HK,small,0,0,0,16728240,255,65600.94117647059
e4256773,Education,2039-06-03 00:00:00+00:00,GB,small,0,0,0,16707362,255,65519.066666666666
a09db9f7,"Religion, politics & other memberships",2041-12-13 00:00:00+00:00,US,small,0,0,262500,16583870,17,975521.7647058824
b1f2d418,Digital goods,2038-10-01 00:00:00+00:00,US,small,0,0,0,16365000,32,511406.25
837addd1,Digital goods,2038-10-02 00:00:00+00:00,GB,small,0,0,0,16303681,364,44790.33241758242
92e63296,Software,2038-04-05 00:00:00+00:00,SG,small,0,0,0,16107592,418,38534.90909090909
995b1f24,"Religion, politics & other memberships",2038-10-10 00:00:00+00:00,CA,small,0,0,0,15948327,187,85285.17112299465
0505f8b5,Insurance,2040-05-22 00:00:00+00:00,CA,small,0,12484386,0,15938311,96,166024.07291666666
6ffcb4b5,Digital goods,2036-01-26 00:00:00+00:00,US,small,0,0,0,15834500,227,69755.50660792952
737b2aed,Software,2041-12-06 00:00:00+00:00,US,small,0,0,0,15815268,53,298401.28301886795
aee41dbc,"Religion, politics & other memberships",2039-03-12 00:00:00+00:00,GB,small,0,15781972,0,15781972,194,81350.37113402062
9ea49331,Software,2035-02-02 00:00:00+00:00,GB,small,0,0,0,15763681,70,225195.44285714286
ef917d57,Education,2040-09-16 00:00:00+00:00,US,medium,0,0,0,15620900,230,67916.95652173914
ecfaceb1,Software,2041-03-18 00:00:00+00:00,AT,small,0,0,553691,15533441,205,75772.88292682926
dcc1c4ae,Education,2039-10-31 00:00:00+00:00,HK,small,0,0,0,15481686,262,59090.40458015267
99e9686a,Consulting services,2038-08-01 00:00:00+00:00,IE,small,0,0,194532,15436701,277,55728.16245487364
ea2bff68,Software,2034-10-27 00:00:00+00:00,US,small,0,15390800,0,15390800,43,357925.5813953488
91cfffc2,Software,2033-11-27 00:00:00+00:00,IE,small,0,0,0,15285636,394,38796.03045685279
5357c2b4,Software,2034-09-04 00:00:00+00:00,US,small,0,0,0,15222496,402,37866.90547263682
d69be7d9,Software,2040-12-21 00:00:00+00:00,US,small,0,0,0,15057248,48,313692.6666666667
5ce67435,Education,2040-08-08 00:00:00+00:00,GB,small,0,14356406,0,15011594,46,326339.0
ba9a0620,Software,2040-02-13 00:00:00+00:00,PL,small,0,0,0,15009442,47,319349.829787234
44457ca4,"Religion, politics & other memberships",2040-12-01 00:00:00+00:00,US,small,0,9529955,0,14855680,270,55021.03703703704
4fd08b1b,Digital goods,2037-07-02 00:00:00+00:00,US,small,0,0,0,14743400,62,237796.7741935484
1ad16459,Software,2034-01-27 00:00:00+00:00,CA,small,0,0,0,14707687,41,358724.0731707317
3a3d3880,Digital goods,2037-12-21 00:00:00+00:00,CH,small,0,1447801,0,14598340,194,75249.17525773196
d7dcc2dc,Education,2040-09-11 00:00:00+00:00,CA,small,0,0,0,14530727,241,60293.47302904564
a548c198,Software,2041-06-05 00:00:00+00:00,US,small,0,3937816,0,14475762,86,168322.81395348837
f4a83f2f,Software,2041-05-10 00:00:00+00:00,US,small,0,0,49700,14349722,329,43616.176291793316
febbd690,Digital goods,2042-03-22 00:00:00+00:00,CY,large,0,14240683,0,14240683,86,165589.33720930232
4dcfd4ed,Education,2042-04-22 00:00:00+00:00,US,small,0,0,0,14209371,39,364342.8461538461
7adb9ee7,Software,2033-06-13 00:00:00+00:00,CA,small,0,0,0,14204974,88,161420.1590909091
b8942f1f,Software,2039-09-11 00:00:00+00:00,LT,small,0,0,195499,14199716,415,34216.18313253012
86b58409,Digital goods,2036-11-01 00:00:00+00:00,AU,small,0,0,0,14102625,37,381152.02702702704
4d6b75ca,Digital goods,2039-05-28 00:00:00+00:00,GB,small,0,0,0,14029232,14,1002088.0
9a81470c,Software,2041-10-16 00:00:00+00:00,US,medium,0,13941836,0,13941836,17,820108.0
b5b9f571,"Religion, politics & other memberships",2041-03-29 00:00:00+00:00,HU,small,0,13771738,0,13803517,418,33022.767942583734
53c83afa,Education,2041-07-15 00:00:00+00:00,US,small,0,0,1443250,13785150,160,86157.1875
ff351f75,Digital goods,2035-10-29 00:00:00+00:00,FR,small,0,0,0,13769483,311,44274.86495176849
a772fcba,Software,2040-03-19 00:00:00+00:00,CZ,small,0,13764198,0,13764198,184,74805.42391304347
5a3a0ea5,Education,2041-02-03 00:00:00+00:00,US,medium,0,0,0,13734800,136,100991.17647058824
60502ae3,Education,2038-01-17 00:00:00+00:00,US,medium,0,0,0,13732974,82,167475.29268292684
7a94e5a6,Software,2036-12-19 00:00:00+00:00,AT,small,0,7191479,0,13707220,274,50026.3503649635
e3f94bf1,"Religion, politics & other memberships",2039-12-16 00:00:00+00:00,GB,small,0,0,0,13659926,336,40654.541666666664
86179982,Education,2040-11-23 00:00:00+00:00,RO,small,0,0,0,13559795,125,108478.36
0bbc3ed2,Digital goods,2038-12-10 00:00:00+00:00,SG,small,0,0,0,13427542,284,47280.07746478873
c4839591,Education,2040-09-23 00:00:00+00:00,US,small,0,0,0,13400200,88,152275.0
309a9918,Software,2040-04-01 00:00:00+00:00,GB,small,0,0,0,13375178,416,32151.87019230769
061c091e,Education,2041-03-09 00:00:00+00:00,US,medium,0,0,39500,13367500,46,290597.82608695654
3404cd7b,Software,2039-02-16 00:00:00+00:00,US,small,0,0,0,13345100,123,108496.74796747968
bee249f2,Digital goods,2041-09-29 00:00:00+00:00,AU,small,0,0,0,13332910,74,180174.45945945947
e8c714b7,Education,2038-05-07 00:00:00+00:00,US,small,0,0,0,13327050,29,459553.4482758621
e5fe7f71,Software,2036-08-25 00:00:00+00:00,GB,small,0,0,0,13229391,31,426754.5483870968
571c5c50,"Religion, politics & other memberships",2040-02-07 00:00:00+00:00,US,small,0,0,0,13156160,416,31625.384615384617
2c0f3235,"Religion, politics & other memberships",2035-05-06 00:00:00+00:00,CA,small,0,0,0,13072121,273,47883.2271062271
4be9e518,Software,2040-06-05 00:00:00+00:00,FR,medium,0,0,0,12990330,38,341850.7894736842
e5b3d4ff,Software,2035-11-04 00:00:00+00:00,GB,small,0,0,2918760,12956410,181,71582.37569060773
f226eb20,Digital goods,2039-05-23 00:00:00+00:00,US,small,0,0,0,12939910,414,31255.82125603865
b8b9fa56,"Religion, politics & other memberships",2038-12-04 00:00:00+00:00,GB,small,0,0,0,12873084,251,51287.187250996016
e7e63a12,Education,2036-04-09 00:00:00+00:00,US,small,0,0,0,12855814,176,73044.39772727272
8d425663,"Religion, politics & other memberships",2039-04-30 00:00:00+00:00,AU,small,0,0,0,12834705,203,63225.14778325123
ad89ffd5,"Religion, politics & other memberships",2040-03-05 00:00:00+00:00,AU,small,0,0,0,12711252,219,58042.24657534246
43a5f876,Education,2041-07-29 00:00:00+00:00,SG,large,0,0,0,12665086,288,43975.993055555555
e2857180,Digital goods,2039-05-20 00:00:00+00:00,US,medium,0,0,0,12451328,131,95048.30534351146
0c97ebef,Digital goods,2037-08-17 00:00:00+00:00,US,small,0,0,0,12433745,60,207229.08333333334
eea3cf59,"Religion, politics & other memberships",2041-11-02 00:00:00+00:00,US,small,0,0,10158700,12393600,42,295085.71428571426
9af6432d,"Religion, politics & other memberships",2038-10-31 00:00:00+00:00,US,small,0,0,0,12335451,163,75677.61349693252
45950849,Digital goods,2037-05-11 00:00:00+00:00,AU,small,0,0,0,12331174,203,60744.69950738916
b98c1079,Software,2032-10-12 00:00:00+00:00,US,small,0,0,0,12283500,293,41923.20819112628
682c266e,Education,2038-02-01 00:00:00+00:00,US,small,0,0,0,12270260,377,32547.10875331565
ec2f5b37,Education,2034-12-15 00:00:00+00:00,US,small,0,0,0,12206000,98,124551.02040816327
11f1600c,Software,2039-02-28 00:00:00+00:00,US,small,0,0,0,12160100,100,121601.0
ec61e090,Digital goods,2039-05-17 00:00:00+00:00,CA,small,0,6348108,0,12031486,384,31331.994791666668
10706cfc,"Religion, politics & other memberships",2036-09-09 00:00:00+00:00,US,small,0,11777818,0,12016672,141,85224.62411347518
324dbd54,"Religion, politics & other memberships",2037-11-14 00:00:00+00:00,GB,small,0,0,0,12008260,283,42432.01413427562
a5f0b814,Digital goods,2039-05-20 00:00:00+00:00,SG,small,0,0,0,11954530,418,28599.354066985645
4b4af5d4,Education,2041-02-27 00:00:00+00:00,US,small,0,0,0,11864800,149,79629.53020134228
65189c4b,Digital goods,2039-12-20 00:00:00+00:00,US,small,0,0,0,11805000,43,274534.88372093026
e8d02593,"Religion, politics & other memberships",2041-12-10 00:00:00+00:00,US,small,0,0,0,11762100,65,180955.38461538462
73c39715,Software,2041-01-02 00:00:00+00:00,MT,small,0,11337947,0,11745222,418,28098.61722488038
c57d8f9d,Digital goods,2041-12-27 00:00:00+00:00,IN,small,0,11745095,0,11745095,178,65983.67977528089
0dbf8e84,Software,2040-11-24 00:00:00+00:00,IT,small,0,1332962,0,11712017,355,32991.597183098595
76714fd0,Education,2034-12-17 00:00:00+00:00,GB,small,0,0,0,11675468,330,35380.20606060606
79735bed,"Religion, politics & other memberships",2037-09-21 00:00:00+00:00,AU,small,0,0,0,11655177,206,56578.529126213594
420350d3,"Religion, politics & other memberships",2037-06-26 00:00:00+00:00,US,small,0,0,0,11584275,74,156544.25675675675
e4cd1132,Digital goods,2040-02-28 00:00:00+00:00,US,small,0,0,0,11556400,353,32737.67705382436
74a13ffd,Software,2037-12-27 00:00:00+00:00,US,small,0,0,0,11511545,352,32703.252840909092
a158250a,"Religion, politics & other memberships",2036-08-26 00:00:00+00:00,US,small,0,0,0,11488462,383,29995.984334203655
b9612f3c,Software,2042-06-03 00:00:00+00:00,CY,small,0,11344665,0,11344665,15,756311.0
8522b895,"Religion, politics & other memberships",2036-10-03 00:00:00+00:00,US,small,0,0,0,11334867,102,111126.14705882352
ec3d660c,Insurance,2040-03-10 00:00:00+00:00,AU,small,0,0,0,11298161,386,29269.84715025907
261bcc68,Education,2038-09-04 00:00:00+00:00,ES,small,0,0,0,11241573,167,67314.80838323354
c9ed8b74,"Religion, politics & other memberships",2042-01-07 00:00:00+00:00,US,small,0,0,0,11084696,148,74896.5945945946
b3ce03d4,Software,2039-05-06 00:00:00+00:00,US,small,0,0,0,11014998,11,1001363.4545454546
048ca4ca,Education,2037-11-30 00:00:00+00:00,IE,small,0,0,0,11006658,102,107908.41176470589
259116dd,"Religion, politics & other memberships",2038-11-26 00:00:00+00:00,DE,medium,0,8434761,0,10901797,136,80160.27205882352
e9ee6601,Education,2041-11-26 00:00:00+00:00,AE,small,0,8576,215259,10891157,197,55285.06091370559
fe09b0d8,Software,2036-04-07 00:00:00+00:00,FR,small,0,0,0,10889187,130,83762.97692307692
1ee01804,Education,2041-08-30 00:00:00+00:00,GB,small,0,0,0,10783570,137,78712.1897810219
86bea57f,"Religion, politics & other memberships",2035-05-15 00:00:00+00:00,US,small,0,0,0,10571557,112,94388.90178571429
9823ea30,Education,2036-01-28 00:00:00+00:00,US,small,0,0,0,10552500,229,46080.786026200876
c6d70ad4,Software,2040-09-30 00:00:00+00:00,NL,small,0,10470872,40355,10511227,385,27301.88831168831
17a77a38,"Religion, politics & other memberships",2038-11-20 00:00:00+00:00,GB,small,0,10446171,0,10446171,87,120070.93103448275
7d2fd1f9,Digital goods,2040-12-30 00:00:00+00:00,BE,small,0,10436410,0,10436410,369,28282.953929539297
57627b8b,Digital goods,2035-08-01 00:00:00+00:00,AU,small,0,0,0,10412890,97,107349.38144329897
30596af4,Education,2039-02-28 00:00:00+00:00,GB,small,0,0,0,10348844,21,492802.09523809527
54da51dd,Digital goods,2039-04-01 00:00:00+00:00,ES,small,0,0,0,10338567,362,28559.577348066297
e66fa266,Software,2040-10-24 00:00:00+00:00,EE,small,0,10307018,0,10307018,213,48389.7558685446
37275fd6,Digital goods,2040-01-17 00:00:00+00:00,US,small,0,0,884501,10263679,257,39936.494163424126
5c84db4d,Education,2037-04-26 00:00:00+00:00,US,small,0,0,0,10199390,121,84292.47933884297
2a4b4174,Software,2041-11-09 00:00:00+00:00,CA,small,0,0,0,10107301,10,1010730.1
ce43425e,"Religion, politics & other memberships",2041-12-14 00:00:00+00:00,BE,small,0,9174679,0,10020830,31,323252.5806451613
bb5415b8,Digital goods,2035-06-18 00:00:00+00:00,US,small,0,0,0,10006910,27,370626.2962962963
29f2dd6f,Software,2042-05-02 00:00:00+00:00,US,small,0,0,0,9970000,2,4985000.0
641c2094,"Religion, politics & other memberships",2038-08-25 00:00:00+00:00,US,small,0,0,0,9888928,188,52600.68085106383
1cdbe964,Digital goods,2039-12-05 00:00:00+00:00,US,small,0,0,0,9886816,60,164780.26666666666
a6a765df,"Religion, politics & other memberships",2038-12-03 00:00:00+00:00,CA,small,0,0,0,9885286,411,24051.79075425791
a6a82a5e,Education,2036-09-17 00:00:00+00:00,US,small,0,0,0,9884200,187,52856.68449197861
9c7ac903,Software,2042-03-23 00:00:00+00:00,NO,small,0,9847620,4219,9851839,91,108261.96703296703
44542fd7,Education,2040-02-14 00:00:00+00:00,ES,small,0,0,0,9840227,299,32910.45819397993
57563ccd,Software,2034-09-10 00:00:00+00:00,FR,small,0,0,0,9787725,418,23415.61004784689
02f99778,Education,2040-12-23 00:00:00+00:00,IN,small,0,6799800,2941300,9741100,105,92772.38095238095
19aa96ec,Digital goods,2040-01-24 00:00:00+00:00,DE,small,0,0,0,9738538,51,190951.72549019608
5924d863,Education,2040-11-06 00:00:00+00:00,ES,small,0,0,294425,9693466,270,35901.72592592592
122fd0b7,Education,2041-08-03 00:00:00+00:00,US,small,0,7706380,0,9561380,47,203433.6170212766
ec71b524,Digital goods,2041-04-16 00:00:00+00:00,US,small,0,9462509,0,9462509,142,66637.38732394367
22213798,Education,2040-10-24 00:00:00+00:00,US,small,0,0,0,9416705,347,27137.478386167146
f7bce8a1,Software,2039-04-18 00:00:00+00:00,US,small,0,0,0,9406000,6,1567666.6666666667
a0e312e2,Digital goods,2036-09-02 00:00:00+00:00,US,small,0,0,0,9322300,15,621486.6666666666
9eb906f1,Software,2041-06-08 00:00:00+00:00,US,small,0,0,0,9292365,380,24453.592105263157
f859092e,Education,2041-10-05 00:00:00+00:00,IN,small,0,0,9290000,9290000,89,104382.02247191011
e4f98ff2,Software,2036-11-10 00:00:00+00:00,GB,small,0,0,0,9255947,230,40243.247826086954
4846f680,Education,2040-04-23 00:00:00+00:00,JP,small,0,0,0,9128753,234,39011.76495726496
a3cd755b,Education,2040-08-26 00:00:00+00:00,AU,small,0,0,0,9111569,96,94912.17708333333
cc5ed30c,"Religion, politics & other memberships",2039-12-05 00:00:00+00:00,AU,small,0,0,0,9013764,129,69874.13953488372
98dfb6cd,"Religion, politics & other memberships",2040-01-26 00:00:00+00:00,ES,small,0,0,0,8978172,381,23564.75590551181
d8ec2bee,Digital goods,2037-10-23 00:00:00+00:00,CA,small,0,0,0,8941478,54,165582.92592592593
d72839d7,Education,2040-04-06 00:00:00+00:00,GB,small,0,0,0,8914053,290,30738.11379310345
c4082ad8,"Religion, politics & other memberships",2040-02-09 00:00:00+00:00,US,small,0,0,0,8812110,61,144460.81967213115
acc35591,Digital goods,2041-03-05 00:00:00+00:00,HK,small,0,0,0,8802218,376,23410.15425531915
078b8df2,Digital goods,2037-05-29 00:00:00+00:00,DE,small,0,0,0,8759422,284,30843.035211267605
3b18fa9a,Software,2041-04-24 00:00:00+00:00,US,small,0,0,0,8691335,395,22003.379746835442
b8abb4f7,Education,2040-06-19 00:00:00+00:00,MX,small,0,2583454,6098322,8681776,132,65771.0303030303
dfa51555,Digital goods,2039-10-24 00:00:00+00:00,GB,medium,0,0,0,8570585,57,150361.1403508772
c4e476c5,Software,2040-11-13 00:00:00+00:00,MY,small,0,0,0,8556826,34,251671.35294117648
90c00c97,"Religion, politics & other memberships",2039-02-12 00:00:00+00:00,US,small,0,8215338,0,8532813,200,42664.065
4b59361f,Software,2035-08-20 00:00:00+00:00,US,small,0,0,0,8492906,325,26132.01846153846
f43aaa0f,Software,2041-10-11 00:00:00+00:00,US,small,0,0,0,8483240,65,130511.38461538461
8f4343f8,Education,2039-09-09 00:00:00+00:00,CA,small,0,0,0,8445448,26,324824.92307692306
af772b55,Education,2041-07-08 00:00:00+00:00,US,small,0,0,4700200,8375200,40,209380.0
1a0d5d6f,Education,2039-12-05 00:00:00+00:00,GB,small,0,0,0,8370672,150,55804.48
03138f08,Digital goods,2039-03-08 00:00:00+00:00,GB,small,0,0,0,8358229,13,642940.6923076923
370af9c2,Education,2039-05-19 00:00:00+00:00,US,small,0,0,0,8348500,121,68995.86776859504
42ed00a2,Digital goods,2039-02-19 00:00:00+00:00,CA,small,0,0,0,8279663,96,86246.48958333333
dedd3854,Software,2036-02-20 00:00:00+00:00,AU,small,0,0,0,8223959,279,29476.555555555555
41352aa4,Software,2040-12-03 00:00:00+00:00,GB,small,0,0,0,8178453,379,21579.031662269128
dd660190,Education,2038-08-07 00:00:00+00:00,CA,small,0,436600,0,8127619,35,232217.6857142857
98026d57,Software,2034-04-05 00:00:00+00:00,GB,small,0,0,0,8120350,49,165721.42857142858
3b78e035,Digital goods,2041-05-05 00:00:00+00:00,RO,small,0,0,0,8089403,408,19826.968137254902
06ce5ad9,Software,2039-06-24 00:00:00+00:00,CA,small,0,0,0,8081555,148,54605.10135135135
dbd18c5c,Software,2039-11-15 00:00:00+00:00,IT,small,0,0,0,8044182,8,1005522.75
7c52b61a,"Religion, politics & other memberships",2040-12-04 00:00:00+00:00,GB,small,0,7902507,0,7902507,290,27250.024137931036
49b01e22,"Religion, politics & other memberships",2038-01-17 00:00:00+00:00,BE,small,0,2124280,0,7878110,362,21762.734806629833
c80bdad9,"Religion, politics & other memberships",2041-02-17 00:00:00+00:00,US,small,0,0,0,7857670,353,22259.68838526912
27b48e56,Digital goods,2038-07-30 00:00:00+00:00,US,small,0,0,0,7827577,247,31690.595141700403
b843a9bb,"Religion, politics & other memberships",2041-04-27 00:00:00+00:00,ES,small,0,7825301,0,7825301,181,43233.70718232044
8e958214,Software,2040-05-01 00:00:00+00:00,IE,small,0,0,0,7817674,47,166333.48936170212
49e22588,"Religion, politics & other memberships",2038-01-05 00:00:00+00:00,IT,small,0,0,0,7811926,218,35834.522935779816
ff769ce5,"Religion, politics & other memberships",2039-08-27 00:00:00+00:00,US,small,0,0,0,7788288,160,48676.8
86cad9c1,Digital goods,2039-10-13 00:00:00+00:00,ES,small,0,0,0,7764469,56,138651.23214285713
ee6125b2,Digital goods,2039-08-02 00:00:00+00:00,FR,small,0,0,0,7736741,54,143272.9814814815
e77e1e1b,Digital goods,2041-04-12 00:00:00+00:00,FR,small,0,7647997,0,7647997,333,22966.95795795796
140d3359,Education,2042-03-27 00:00:00+00:00,US,small,0,0,0,7640500,40,191012.5
ab108594,Software,2040-06-15 00:00:00+00:00,SI,small,0,0,0,7605941,387,19653.59431524548
c4e82087,Education,2039-12-11 00:00:00+00:00,GB,small,0,0,0,7561606,179,42243.608938547484
066e714b,Education,2041-05-30 00:00:00+00:00,FR,small,0,0,0,7552164,183,41268.65573770492
a4a50d3a,Education,2040-12-04 00:00:00+00:00,GB,small,0,0,0,7548767,252,29955.424603174604
8a0b0a7a,Digital goods,2041-06-01 00:00:00+00:00,IN,small,0,0,0,7533400,231,32612.121212121212
4213f5d8,Software,2040-03-31 00:00:00+00:00,GB,medium,0,0,0,7453461,17,438438.8823529412
b8cd40ec,Digital goods,2042-02-03 00:00:00+00:00,AU,small,0,0,0,7426600,42,176823.80952380953
7be3cc0e,Software,2040-09-03 00:00:00+00:00,IT,small,0,0,537292,7409443,404,18340.205445544554
754de4b4,Software,2034-05-01 00:00:00+00:00,US,small,0,0,0,7389500,109,67793.57798165138
f88ba508,Software,2037-06-09 00:00:00+00:00,US,small,0,0,0,7388787,367,20132.934604904633
e37fa4c8,Education,2040-06-10 00:00:00+00:00,PL,small,0,0,0,7384641,207,35674.59420289855
b122cba9,Education,2041-11-02 00:00:00+00:00,GB,small,0,0,0,7384026,147,50231.4693877551
e85affc2,"Religion, politics & other memberships",2041-05-28 00:00:00+00:00,IE,small,0,0,614212,7378021,102,72333.53921568628
eb54b757,Education,2040-03-18 00:00:00+00:00,US,small,0,0,0,7355440,203,36233.69458128079
c2d49618,Education,2037-03-07 00:00:00+00:00,US,small,0,0,0,7290000,35,208285.7142857143
f7b448ea,"Religion, politics & other memberships",2039-12-02 00:00:00+00:00,US,small,0,0,0,7162265,24,298427.7083333333
e48f0c5a,Education,2039-12-05 00:00:00+00:00,GB,small,0,0,0,7141336,31,230365.67741935485
6d0decd6,Software,2034-11-18 00:00:00+00:00,US,small,0,0,0,7105391,237,29980.552742616033
af8a49b4,Software,2035-03-30 00:00:00+00:00,US,small,0,0,0,7096484,332,21374.951807228917
687c254b,Education,2041-02-02 00:00:00+00:00,PT,small,0,0,0,7061246,271,26056.258302583024
b11a549c,"Religion, politics & other memberships",2039-09-19 00:00:00+00:00,US,small,0,0,0,7012555,117,59936.36752136752
39e49572,Education,2037-10-06 00:00:00+00:00,US,small,0,0,0,6989120,73,95741.3698630137
1aca5b3b,Digital goods,2035-07-16 00:00:00+00:00,GB,small,0,0,0,6976986,405,17227.125925925928
28e1ba45,Education,2040-12-10 00:00:00+00:00,US,small,0,6065000,0,6962000,94,74063.82978723405
7dc5f15b,Digital goods,2039-01-14 00:00:00+00:00,DK,small,0,0,0,6952295,287,24224.024390243903
2d5cff33,Education,2041-06-25 00:00:00+00:00,GB,small,0,0,0,6919723,303,22837.369636963696
aa41714e,"Religion, politics & other memberships",2038-03-27 00:00:00+00:00,GB,small,0,0,0,6916855,151,45806.986754966885
ec06c951,Digital goods,2041-03-04 00:00:00+00:00,BG,small,0,6869448,0,6869448,279,24621.677419354837
fd322f7c,Digital goods,2038-12-18 00:00:00+00:00,NZ,small,0,0,0,6825345,242,28203.904958677685
7a132763,"Religion, politics & other memberships",2040-09-08 00:00:00+00:00,GB,small,0,5763380,0,6809824,205,33218.65365853658
77500d5f,Education,2040-06-09 00:00:00+00:00,CA,small,0,0,0,6769293,331,20451.036253776434
b36a8ef1,Education,2041-03-03 00:00:00+00:00,CH,small,0,6754840,0,6754840,51,132447.8431372549
fa373e69,Education,2039-10-02 00:00:00+00:00,CA,small,0,6742617,0,6742617,191,35301.65968586387
fe9d9c7f,Digital goods,2041-03-28 00:00:00+00:00,CA,small,0,0,0,6730124,152,44277.13157894737
5bef0fd7,Software,2035-01-20 00:00:00+00:00,US,small,0,0,0,6718661,397,16923.57934508816
e954c051,Education,2038-10-27 00:00:00+00:00,CA,small,0,0,0,6699172,186,36017.05376344086
85de1472,Education,2038-05-25 00:00:00+00:00,US,medium,0,0,0,6622750,127,52147.637795275594
2bf8b0a5,Education,2038-12-28 00:00:00+00:00,CA,small,0,0,0,6605475,82,80554.5731707317
56e565cb,Software,2036-05-08 00:00:00+00:00,US,small,0,0,0,6564047,128,51281.6171875
e353139c,Digital goods,2035-01-01 00:00:00+00:00,GB,small,0,0,0,6509472,403,16152.535980148883
0cfaa8d4,Software,2042-02-02 00:00:00+00:00,US,small,0,0,1567500,6481500,10,648150.0
8b3197f7,Software,2042-02-02 00:00:00+00:00,FR,medium,0,0,0,6480903,79,82036.74683544303
120d7c53,Software,2033-08-12 00:00:00+00:00,GB,small,0,0,0,6466584,348,18582.137931034482
61c97289,"Religion, politics & other memberships",2039-05-15 00:00:00+00:00,SE,small,0,0,0,6451634,223,28931.094170403587
f812299c,Education,2038-03-28 00:00:00+00:00,US,small,0,0,0,6437800,242,26602.479338842975
17ca969b,"Religion, politics & other memberships",2041-03-05 00:00:00+00:00,SG,small,0,0,0,6408926,113,56716.1592920354
872ababf,Education,2040-01-02 00:00:00+00:00,AU,small,0,0,0,6326863,418,15136.035885167465
4c4923ee,Software,2037-11-09 00:00:00+00:00,US,small,0,0,0,6306638,170,37097.870588235295
f318ff70,Digital goods,2040-08-23 00:00:00+00:00,GB,small,0,0,0,6298950,418,15069.258373205741
bb7db562,Education,2038-10-24 00:00:00+00:00,US,small,0,0,0,6294969,336,18735.026785714286
1901a9a6,Digital goods,2037-02-20 00:00:00+00:00,AT,small,0,6288407,0,6288407,178,35328.129213483146
18db30c9,Software,2040-11-27 00:00:00+00:00,US,small,0,0,0,6271906,17,368935.64705882355
187c0e50,Education,2041-04-30 00:00:00+00:00,US,small,0,6262450,0,6262450,108,57985.648148148146
aed7827f,Software,2038-08-06 00:00:00+00:00,ES,small,0,0,0,6246439,208,30030.95673076923
9ac4bbb9,Digital goods,2037-04-12 00:00:00+00:00,AU,small,0,0,0,6236194,331,18840.465256797583
689f694a,Digital goods,2036-11-24 00:00:00+00:00,AU,small,0,0,0,6228799,227,27439.64317180617
30dcb3a1,Digital goods,2040-05-06 00:00:00+00:00,US,small,0,0,0,6192008,109,56807.4128440367
3786da63,Digital goods,2040-02-19 00:00:00+00:00,GB,small,0,0,0,6189228,76,81437.21052631579
07c36a0d,Education,2036-01-13 00:00:00+00:00,US,small,0,0,0,6147250,41,149932.92682926828
2f42adbe,Software,2040-10-19 00:00:00+00:00,EE,small,0,0,0,6147249,52,118216.32692307692
2ac4cc90,"Religion, politics & other memberships",2039-02-04 00:00:00+00:00,US,small,0,0,0,6118914,301,20328.617940199336
62d31119,Education,2042-01-11 00:00:00+00:00,US,small,0,0,681004,6090628,33,184564.48484848486
dc68d7ad,Education,2040-11-23 00:00:00+00:00,IT,small,0,0,0,6067236,280,21668.7
4c5ad802,Education,2037-08-03 00:00:00+00:00,US,small,0,0,0,6053900,113,53574.33628318584
0d054da2,"Religion, politics & other memberships",2041-01-18 00:00:00+00:00,US,medium,0,0,200000,6000000,54,111111.11111111111
e48b1ba8,"Religion, politics & other memberships",2032-10-16 00:00:00+00:00,US,small,0,0,0,5985100,75,79801.33333333333
47a3aa1f,"Religion, politics & other memberships",2037-08-21 00:00:00+00:00,NZ,small,0,0,0,5965406,396,15064.156565656565
2e8a43a5,Software,2039-06-20 00:00:00+00:00,US,medium,0,0,0,5947508,125,47580.064
83c8a65a,Education,2040-03-03 00:00:00+00:00,GB,small,0,5870016,0,5947319,94,63269.35106382979
6f94b134,Education,2035-08-26 00:00:00+00:00,CA,small,0,0,0,5931190,180,32951.055555555555
f4479146,"Religion, politics & other memberships",2041-09-22 00:00:00+00:00,GB,small,0,0,0,5894105,104,56674.08653846154
b12eb655,Digital goods,2039-07-08 00:00:00+00:00,ES,small,0,0,327807,5867190,110,53338.09090909091
9db32df1,Education,2038-11-06 00:00:00+00:00,US,small,0,0,0,5845190,107,54627.943925233645
ddc52692,Education,2042-01-07 00:00:00+00:00,FR,small,0,0,5839494,5839494,32,182484.1875
d648d3c6,Education,2037-11-02 00:00:00+00:00,NO,small,0,0,0,5838422,196,29787.867346938776
f53a3145,Software,2041-11-19 00:00:00+00:00,GB,small,0,0,1129,5819969,27,215554.40740740742
e6e4e836,Digital goods,2041-10-16 00:00:00+00:00,US,small,0,4968725,842000,5810725,249,23336.24497991968
a4798c20,Digital goods,2040-05-10 00:00:00+00:00,GB,small,0,0,0,5746670,146,39360.75342465754
112c125d,Digital goods,2039-09-16 00:00:00+00:00,GB,small,0,0,0,5740648,272,21105.323529411766
af5444f0,Digital goods,2041-06-16 00:00:00+00:00,FR,small,0,0,0,5738157,251,22861.183266932272
e6cc09a4,Software,2041-01-14 00:00:00+00:00,US,small,0,0,0,5723800,182,31449.45054945055
5ae7f8c9,Education,2041-03-29 00:00:00+00:00,GB,small,0,477377,0,5717130,156,36648.269230769234
7dd5cac1,"Religion, politics & other memberships",2040-02-11 00:00:00+00:00,IT,small,0,4661546,0,5715506,400,14288.765
